Hand,Combos,LJ open 2,HJ open 2,CO open 2.3,BTN open 2.5,SB open 3,SB limp,BB open 5 vs SB,BB open 3 vs SB,HJ 3b 6.5 vs LJ,CO 3b 6.5 vs LJ,CO call vs LJ,BTN 3b 7.5 vs LJ,BTN call vs LJ,SB 3b 10 vs LJ,SB call vs LJ,BB 3b 12 vs LJ,BB call vs LJ,CO 3b 6.5 vs HJ,CO call vs HJ,BTN 3b 7.5 vs HJ,BTN call vs HJ,SB 3b 11 vs HJ,SB call vs HJ,BB 3b 12.3 vs HJ,BB call vs HJ,BTN 3b 7.5 vs CO,BTN call vs CO,SB 3b 11.5 vs CO,SB call vs CO,BB 3b 13.5 vs CO,BB call vs CO,SB 3b 12 vs BTN,SB call vs BTN,BB 3b 13 vs BTN,BB call vs BTN,BB 3b 10 vs SB,BB call vs SB,SB 3b 18 vs BB 5,SB call vs BB 5,SB 3b 14 vs BB 3,SB call vs BB 3,"BTN 3b 9.5 vs LJ, CO","BTN call vs LJ, CO","SB 3b 12 vs LJ, CO","SB call vs LJ, CO","BB 3b 14 vs LJ, CO","BB call vs LJ, CO","SB 3b 13 vs LJ, BTN","SB call vs LJ, BTN","BB 3b 14 vs LJ, BTN","BB call vs LJ, BTN","BB 3b 11 vs LJ, SB","BB call vs LJ, SB","BTN 3b 9.5 vs HJ, CO","BTN call vs HJ, CO","SB 3b 13 vs HJ, CO","SB call vs HJ, CO","BB 3b 13.5 vs HJ, CO","BB call vs HJ, CO","SB 3b 13 vs HJ, BTN","SB call vs HJ, BTN","BB 3b 13.5 vs HJ, BTN","BB call vs HJ, BTN","BB 3b 11 vs HJ, SB","BB call vs HJ, SB","SB 3b 12.5 vs CO, BTN","SB call vs CO, BTN","BB 3b 14 vs CO, BTN","BB call vs CO, BTN","BB 3b 11 vs BTN, SB","BB call vs BTN, SB","SB jam vs LJ, CO, BTN","SB 3b 15 vs LJ, CO, BTN","SB call vs LJ, CO, BTN","BB jam vs LJ, CO, BTN","BB 3b 14 vs LJ, CO, BTN","BB call vs LJ, CO, BTN","BB jam vs LJ, CO, SB","BB 3b 14 vs LJ, CO, SB","BB call vs LJ, CO, SB","BB 3b 14 vs LJ, BTN, SB","BB call vs LJ, BTN, SB","SB jam vs HJ, CO, BTN","SB 3b 15 vs HJ, CO, BTN","SB call vs HJ, CO, BTN","BB jam vs HJ, CO, BTN","BB 3b 15 vs HJ, CO, BTN","BB call vs HJ, CO, BTN","BB 3b 15 vs HJ, CO, SB","BB call vs HJ, CO, SB","BB 3b 14.5 vs HJ, BTN, SB","BB call vs HJ, BTN, SB","BB jam vs CO, BTN, SB","BB 3b 14 vs CO, BTN, SB","BB call vs CO, BTN, SB","BB jam vs LJ, CO, BTN, SB","BB 3b 15 vs LJ, CO, BTN, SB","BB call vs LJ, CO, BTN, SB","BB jam vs HJ, CO, BTN, SB","BB 3b 16 vs HJ, CO, BTN, SB","BB call vs HJ, CO, BTN, SB"
AA,6,1,1,1,1,0.855,0.145,0.575,0.425,1,1,0,1,0,1,0,1,0,1,0,1,0,1,0,1,0,1,0,1,0,1,0,1,0,1,0,1,0,0.146,0,0.146,0,1,0,1,0,1,0,1,0,1,0,1,0,1,0,1,0,1,0,1,0,1,0,1,0,1,0,1,0,1,0,0,1,0,0,1,0,0,1,0,1,0,0,1,0,0,1,0,1,0,1,0,0,1,0,0,1,0,0,1,0
KK,6,1,1,1,1,0.765,0.235,0.415,0.585,1,1,0,1,0,1,0,1,0,1,0,1,0,1,0,1,0,1,0,1,0,1,0,1,0,1,0,1,0,0.236,0,0.236,0,1,0,1,0,1,0,1,0,1,0,1,0,1,0,1,0,1,0,1,0,1,0,1,0,1,0,1,0,1,0,0,1,0,0,1,0,0,1,0,1,0,0,1,0,0,1,0,1,0,1,0,0,1,0,0,1,0,0,1,0
QQ,6,1,1,1,1,0.84,0.16,0.545,0.455,1,0.85,0.15,0.705,0.295,0.78,0.22,0.655,0.345,0.97,0.03,0.92,0.08,0.92,0.08,1,0,1,0,1,0,1,0,1,0,1,0,1,0,0.16,0,0.16,0,1,0,1,0,1,0,1,0,1,0,1,0,1,0,1,0,1,0,1,0,1,0,1,0,1,0,1,0,1,0,0.005,0.995,0,0.045,0.955,0,0,1,0,1,0,0.07,0.93,0,0.01,0.99,0,1,0,1,0,0,1,0,0,1,0,0,1,0
JJ,6,1,1,1,1,0.82,0.18,0.65,0.35,1,0.785,0.215,0.475,0.525,0.64,0.36,0.13,0.87,0.9,0.1,0.545,0.455,0.665,0.335,0.085,0.915,0.824,0.176,0.984,0.016,1,0,1,0,1,0,1,0,0.18,0,0.18,0,0.515,0.485,0.78,0.22,0.41,0.59,0.83,0.17,0.53,0.47,0.71,0.29,0.86,0.14,1,0,1,0,1,0,1,0,1,0,1,0,1,0,1,0,0,0.905,0.095,0,1,0,0,1,0,1,0,0.02,0.98,0,0,1,0,1,0,1,0,0.062,0.938,0,0.07,0.93,0,0.05,0.895,0.055
TT,6,1,1,1,1,0.81,0.19,0.545,0.455,1,0.68,0.32,0.355,0.645,0.375,0.625,0.035,0.965,0.865,0.135,0.48,0.52,0.41,0.59,0,1,0.606,0.394,0.83,0.17,0.392,0.608,0.955,0.045,1,0,1,0,0.19,0,0.19,0,0.34,0.66,0.265,0.735,0.085,0.915,0.28,0.72,0,1,0.06,0.94,0.46,0.54,0.39,0.61,0.09,0.91,0.53,0.47,0.265,0.735,0.52,0.48,1,0,1,0,1,0,0,0.295,0.705,0,0.26,0.74,0,0.15,0.85,0.36,0.64,0,0.68,0.32,0,0.765,0.235,0.57,0.43,0.895,0.105,0,1,0,0,0.105,0.895,0,0.44,0.56
99,6,1,1,1,1,0.75,0.25,0.62,0.38,0.765,0.575,0.425,0.175,0.825,0.245,0.755,0,1,0.79,0.21,0.295,0.705,0.225,0.775,0,1,0.532,0.468,0.742,0.258,0.044,0.956,0.87,0.13,0.71,0.29,0.41,0.59,0.05,0.2,0.068,0.182,0.325,0.675,0.22,0.78,0,1,0.155,0.845,0,1,0,1,0.4,0.6,0.255,0.745,0.1,0.9,0.25,0.75,0,1,0.055,0.945,0.688,0.312,0.204,0.796,1,0,0,0.09,0.91,0,0,1,0,0,1,0,1,0,0.265,0.735,0,0.1,0.9,0,1,0,1,0,0.802,0.198,0,0,1,0,0.115,0.885
88,6,1,1,1,1,0.665,0.335,0.46,0.54,0.41,0.565,0.435,0.2,0.8,0.185,0.815,0,1,0.785,0.215,0.27,0.73,0.14,0.86,0,1,0.428,0.572,0.65,0.35,0,1,0.825,0.175,0.325,0.675,0.245,0.755,0.034,0.302,0.044,0.292,0.235,0.765,0.13,0.87,0,1,0.12,0.88,0,1,0,1,0.295,0.705,0.16,0.84,0,1,0.16,0.84,0,1,0,1,0.328,0.672,0.024,0.976,0.38,0.62,0,0,1,0,0,1,0,0,1,0,1,0,0.02,0.98,0,0,1,0,1,0,1,0,0.084,0.916,0,0.135,0.865,0,0.06,0.94
77,6,1,1,1,1,0.625,0.375,0.305,0.49,0.385,0.483,0.378,0.195,0.805,0.175,0.825,0,1,0.6726666667,0.1806666667,0.315,0.685,0.175,0.825,0,1,0.392,0.608,0.3946666667,0.3066666667,0.012,0.988,0.77,0.23,0.14,0.86,0.12,0.88,0.018,0.356,0.008,0.368,0.22,0.78,0.09,0.91,0,1,0.04,0.96,0,1,0,1,0.24,0.76,0.115,0.885,0,1,0.11,0.89,0,1,0,1,0.202,0.798,0,1,0.075,0.925,0,0,1,0,0,1,0,0,1,0,1,0,0,1,0,0,1,0,1,0,1,0,0,1,0,0,1,0,0.095,0.905
66,6,1,1,1,1,0.615,0.385,0.23,0.435,0.27,0.315,0.275,0.25,0.75,0.155,0.845,0,1,0.4076666667,0.1306666667,0.315,0.685,0.165,0.835,0,1,0.42,0.58,0.292,0.238,0.032,0.968,0.294,0.194,0,1,0.09,0.91,0.022,0.364,0,0.386,0.125,0.875,0.035,0.965,0,1,0,1,0,1,0,1,0.205,0.795,0.02,0.98,0,1,0,1,0,1,0,1,0.134,0.866,0,1,0,1,0,0,1,0,0,1,0,0,1,0,1,0,0,1,0,0,1,0,1,0,1,0,0,1,0,0,1,0,0,1
55,6,0.93,1,1,1,0.61,0.39,0.08,0.375,0.095,0.105,0.155,0.235,0.7,0.155,0.75,0,1,0.175,0.075,0.275,0.56,0.16,0.79,0,1,0.114,0.41,0.034,0.162,0.058,0.942,0,0.125,0,1,0,1,0,0.39,0,0.39,0.045,0.955,0,1,0,1,0,1,0,1,0,1,0.04,0.96,0,1,0,1,0,1,0,1,0,1,0,1,0,1,0,1,0,0,1,0,0,1,0,0,1,0,1,0,0,1,0,0,1,0,1,0,1,0,0,1,0,0,1,0,0,0.99
44,6,0.355,0.755,1,1,0.625,0.375,0,0.285,0.115,0.1,0.11,0.205,0.58,0.055,0.61,0,1,0.124,0.05,0.22,0.425,0.01,0.665,0,1,0,0.296,0,0.13,0.012,0.988,0,0.09,0,1,0,1,0,0.308,0,0.376,0,0.8,0,1,0,1,0,1,0,1,0,1,0,0.93,0,1,0,1,0,1,0,1,0,1,0,1,0,1,0,1,0,0,1,0,0,1,0,0,1,0,1,0,0,1,0,0,1,0,1,0,1,0,0,1,0,0,1,0,0,1
33,6,0.325,0.455,0.816,1,0.615,0.385,0,0.17,0.115,0.07,0.105,0.1203333333,0.5123333333,0,0.635,0,1,0.149,0.04,0.185,0.34,0,0.605,0,1,0,0.224,0,0.114,0,1,0,0.085,0,1,0,1,0,0.246,0,0.386,0,0.745,0,1,0,1,0,1,0,1,0,1,0,0.885,0,1,0,1,0,1,0,1,0,1,0,1,0,1,0,1,0,0,1,0,0,1,0,0,1,0,1,0,0,1,0,0,1,0,1,0,1,0,0,1,0,0,1,0,0,1
22,6,0.355,0.405,0.774,1,0.605,0.395,0,0.145,0.075,0.02,0.109,0.09,0.565,0.03,0.73,0,1,0.045,0.035,0.065,0.335,0,0.61,0,1,0,0.206,0,0.114,0,1,0,0.1,0,1,0,1,0,0.18,0,0.396,0,0.775,0,1,0,1,0,1,0,1,0,1,0,0.945,0,1,0,1,0,1,0,1,0,1,0,1,0,1,0,1,0,0,1,0,0,1,0,0,1,0,1,0,0,1,0,0,1,0,1,0,1,0,0,1,0,0,1,0,0,1
AKs,4,1,1,1,1,1,0,0.005,0.995,1,1,0,1,0,1,0,1,0,1,0,1,0,1,0,1,0,1,0,1,0,1,0,1,0,1,0,1,0,0,0,0,0,1,0,1,0,1,0,1,0,1,0,1,0,1,0,1,0,1,0,1,0,1,0,1,0,1,0,1,0,1,0,0,1,0,0,1,0,0,1,0,1,0,0,1,0,0,1,0,1,0,1,0,0,1,0,0,1,0,0.005,0.995,0
AQs,4,1,1,1,1,0.92,0.08,0.505,0.495,1,0.795,0.205,0.52,0.48,1,0,0.525,0.475,0.92,0.08,0.71,0.29,1,0,1,0,1,0,1,0,1,0,1,0,1,0,1,0,0.08,0,0.08,0,0.83,0.17,1,0,1,0,1,0,1,0,1,0,0.95,0.05,1,0,1,0,1,0,1,0,1,0,1,0,1,0,1,0,0,0.96,0.04,0,1,0,0,1,0,1,0,0,1,0,0,1,0,1,0,1,0,0,1,0,0,0,1,0,0,1
AJs,4,1,1,1,1,1,0,0.45,0.55,1,0.705,0.295,0.52,0.48,0.715,0.285,0.255,0.745,0.79,0.21,0.36,0.64,0.925,0.075,0.315,0.685,0.472,0.528,0.992,0.008,0.322,0.678,0.935,0.065,1,0,1,0,0,0,0,0,0.65,0.35,0.78,0.22,0.69,0.31,0.93,0.07,0.915,0.085,1,0,0.605,0.395,1,0,1,0,1,0,1,0,1,0,1,0,1,0,1,0,0,0.775,0.225,0,1,0,0,1,0,1,0,0,0.975,0.025,0,1,0,0.995,0.005,1,0,0,1,0,0,0.845,0.155,0,0,1
ATs,4,1,1,1,1,1,0,0.37,0.63,1,0.74,0.26,0.395,0.605,0.51,0.49,0.175,0.825,0.815,0.185,0.34,0.66,0.415,0.585,0.075,0.925,0.318,0.682,0.798,0.202,0,1,0.89,0.11,0.35,0.65,0.38,0.62,0,0,0,0,0.55,0.45,0.175,0.825,0.05,0.95,0.29,0.71,0.115,0.885,0.86,0.14,0.57,0.43,0.275,0.725,0.1,0.9,0.485,0.515,0.045,0.955,0.915,0.085,0.982,0.018,1,0,1,0,0,0,0.285,0,0,1,0,0.075,0.925,0.065,0.935,0,0,0.69,0,0.225,0.775,0.305,0.695,0.675,0.325,0,1,0,0,0,0.22,0,0.488,0.482
A9s,4,1,1,1,1,0.77,0.23,0.155,0.845,0.005,0.388,0.139,0.435,0.565,0.075,0.925,0.075,0.925,0.915,0.085,0.49,0.51,0.13,0.87,0.08,0.92,0.69,0.31,0.694,0.306,0.034,0.966,0.79,0.21,0,1,0,1,0.014,0.216,0.048,0.182,0.06,0,0,0.095,0,1,0,0.25,0,1,0,1,0.046,0.251,0,0.44,0,1,0,0.66,0,1,0.235,0.765,0,1,0,1,1,0,0,0,0,0,0,1,0,0,1,0,1,0,0,0,0,0,0.945,0.005,0.925,0,1,0,0.074,0.926,0,0,0,0,0,0
A8s,4,1,1,1,1,0.795,0.205,0.3053333333,0.4353333333,0.13,0.27,0.095,0.52,0.48,0.3,0.7,0.06,0.94,0.17,0.065,0.445,0.555,0.25,0.75,0.15,0.85,0.648,0.352,0.548,0.258,0.1,0.9,0.785,0.215,0.16,0.84,0,1,0.008,0.198,0.06,0.144,0.2063333333,0.09633333333,0,0.265,0.14,0.86,0.01,0.495,0.13,0.87,0.085,0.915,0.15,0.165,0,0.255,0.165,0.835,0,0.495,0.025,0.975,0.075,0.925,0,0.57,0,1,0.225,0.775,0,0,0,0,0,1,0,0.055,0.945,0,1,0,0,0,0,0.015,0.615,0.066,0.918,0.005,0.995,0,0,1,0,0.22,0,0,0,0
A7s,4,1,1,1,1,0.665,0.335,0.12,0.215,0.105,0.11,0.03,0.615,0.385,0.27,0.39,0.03,0.97,0.055,0.005,0.68,0.32,0.48,0.52,0.03,0.97,0.76,0.24,0.008,0.122,0,1,0.835,0.165,0.04,0.96,0.36,0.64,0.028,0.306,0.022,0.314,0,0.185,0,0.205,0.035,0.965,0,0.25,0.16,0.84,0.095,0.905,0.04,0.214,0,0.195,0.08,0.92,0,0.36,0.03,0.97,0,1,0,0.272,0,1,0.2,0.8,0,0,0,0,0.01,0.99,0,0,1,0,1,0,0,0,0,0,0.995,0,0.98,0,1,0,0,1,0,0,0,0,0,0
A6s,4,1,1,1,1,0.55,0.45,0,0.035,0,0,0,0,0.075,0,0.155,0,1,0,0,0.341,0.231,0.02,0.5,0,1,0.878,0.122,0,0.05,0,1,0.187,0.09,0,1,0,1,0.06,0.39,0,0.45,0,0,0,0,0,1,0,0,0,1,0,1,0,0,0,0,0,1,0,0.06,0,1,0,1,0,0.09,0,1,0,1,0,0,0,0,0,1,0,0,1,0,1,0,0,0,0,0,1,0,1,0,1,0,0,1,0,0,0,0,0,0
A5s,4,1,1,1,1,0.715,0.285,0.625,0.375,1,0.765,0.235,0.47,0.53,0.475,0.525,0.19,0.81,0.88,0.12,0.565,0.435,0.56,0.44,0.15,0.85,0.736,0.264,0.862,0.138,0.65,0.35,0.935,0.065,1,0,1,0,0.014,0.27,0.202,0.082,0.64,0.36,0.615,0.385,0.35,0.65,0.585,0.415,0.31,0.69,0.39,0.61,0.72,0.28,0.5,0.5,0.42,0.58,0.565,0.435,0.335,0.665,0.705,0.295,0.416,0.584,0.174,0.826,0.675,0.325,0,0.385,0.475,0,0.235,0.765,0,0.315,0.685,0.325,0.675,0,0.21,0.305,0,0.11,0.89,0.32,0.68,0.24,0.76,0,0,1,0,0.005,0.995,0,0.22,0
A4s,4,1,1,1,1,0.655,0.345,0.635,0.365,0.725,0.665,0.185,0.57,0.43,0.515,0.485,0.165,0.835,0.905,0.095,0.6,0.4,0.505,0.495,0.17,0.83,0.616,0.384,0.792,0.208,0.042,0.958,0.88,0.12,0.475,0.525,0.99,0.01,0.036,0.308,0.098,0.246,0.53,0.47,0.4,0.6,0.3,0.7,0.41,0.59,0.255,0.745,0.345,0.655,0.57,0.43,0.435,0.565,0.135,0.865,0.39,0.61,0.195,0.805,0.16,0.84,0.042,0.564,0.074,0.926,0.515,0.485,0,0.02,0.595,0,0,1,0,0.015,0.985,0,1,0,0.075,0.81,0,0.005,0.995,0.14,0.86,0.02,0.98,0,0,1,0,0,1,0,0,0
A3s,4,1,1,1,1,0.535,0.465,0.35,0.225,0.16,0.25,0.11,0.505,0.495,0.327,0.427,0.245,0.755,0.445,0.04,0.64,0.36,0.6,0.4,0.02,0.98,0.39,0.314,0.134,0.096,0.158,0.842,0.15,0.08,0.145,0.855,0.36,0.64,0.066,0.4,0.032,0.432,0,0.475,0,0.57,0.135,0.865,0.13,0.415,0.13,0.87,0.18,0.82,0.015,0.53,0.195,0.43,0.06,0.94,0.155,0.38,0.195,0.805,0,1,0,0.186,0,1,0.135,0.865,0,0,1,0,0,1,0,0,1,0,1,0,0,0.925,0,0,1,0.005,0.995,0,1,0,0,1,0,0,1,0,0,0
A2s,4,0,1,1,1,0.325,0.675,0,0,0,0,0,0,0.07,0,0,0.32,0.68,0,0,0,0,0.135,0.03,0.245,0.755,0,0,0,0,0.156,0.844,0,0,0.1,0.9,0,1,0.19,0.486,0.074,0.6,0,0.1,0,0,0,1,0,0.055,0,1,0,1,0,0,0,0.15,0,1,0,0.015,0,1,0,1,0,0,0,1,0,1,0,0,0.355,0,0,1,0,0,1,0,1,0,0,0.225,0,0,1,0,1,0,1,0,0,1,0,0,0.445,0,0.165,0
KQs,4,1,1,1,1,1,0,0.405,0.595,1,0.725,0.275,0.455,0.545,0.91,0.09,0.17,0.83,0.86,0.14,0.385,0.615,0.85,0.15,0,1,0.548,0.452,0.978,0.022,0.314,0.686,0.925,0.075,1,0,1,0,0,0,0,0,0.595,0.405,1,0,1,0,1,0,1,0,1,0,0.655,0.345,1,0,1,0,1,0,1,0,1,0,1,0,1,0,1,0,0,1,0,0,1,0,0,1,0,1,0,0.005,0.995,0,0,1,0,1,0,1,0,0.072,0.928,0,0.035,0.906,0.059,0.045,0.235,0.72
KJs,4,1,1,1,1,1,0,0.305,0.695,1,0.76,0.24,0.435,0.565,0.48,0.52,0.1,0.9,0.925,0.075,0.835,0.165,0.6,0.4,0.085,0.915,0.74,0.26,0.978,0.022,0.68,0.32,0.89,0.11,0.48,0.52,0.525,0.475,0,0,0,0,0.75,0.25,0.87,0.13,1,0,0.95,0.05,1,0,1,0,0.76,0.24,0.905,0.095,1,0,0.98,0.02,1,0,1,0,1,0,1,0,1,0,0,1,0,0,1,0,0,1,0,1,0,0,0.95,0.05,0,1,0,1,0,1,0,0,1,0,0,0.81,0.19,0,0.14,0.86
KTs,4,1,1,1,1,1,0,0.375,0.625,1,0.78,0.22,0.26,0.74,0.535,0.465,0.4,0.6,0.875,0.125,0.525,0.475,0.465,0.535,0,1,0.622,0.378,0.816,0.184,0.48,0.52,0.88,0.12,0.45,0.55,0.51,0.49,0,0,0,0,0.44,0.56,0.555,0.445,0.47,0.53,0.585,0.415,0.55,0.45,0.955,0.045,0.53,0.47,0.63,0.37,0.635,0.365,0.66,0.34,0.84,0.16,1,0,0.96,0.04,1,0,1,0,0,0.875,0.125,0,0.775,0.225,0,0.705,0.295,0.715,0.285,0,0.83,0.17,0,0.96,0.04,0.98,0.02,0.99,0.01,0,1,0,0,0.327,0.633,0,0.915,0.045
K9s,4,1,1,1,1,0.755,0.245,0.325,0.665,0.05,0.363,0.065,0.62,0.38,0.08,0.265,0.01,0.99,0.64,0.025,0.58,0.42,0.48,0.52,0.285,0.715,0.634,0.366,0.81,0.19,0.174,0.826,0.88,0.12,0.295,0.705,0.38,0.62,0.014,0.23,0.068,0.178,0.44,0.105,0.025,0.085,0.185,0.815,0.1366666667,0.1606666667,0.11,0.89,0.105,0.895,0.365,0.085,0,0.106,0.14,0.86,0,0.215,0.015,0.985,0.525,0.475,0.136,0.41,0.122,0.878,0.92,0.08,0,0.17,0,0,0.425,0.22,0,0.285,0.415,0.375,0.625,0,0,0.09,0,0.075,0.09,0.085,0.265,0.059,0.906,0,0.288,0.712,0,0.105,0,0,0,0
K8s,4,0.79,1,1,1,0.615,0.385,0.015,0,0,0,0,0.15,0,0,0,0,1,0,0,0.145,0,0,0,0,1,0.53,0.016,0,0,0,1,0.305,0.075,0.07,0.93,0.04,0.96,0.028,0.356,0.042,0.342,0,0,0,0,0.13,0.87,0,0,0.06,0.94,0.12,0.88,0,0,0,0,0.065,0.935,0,0,0,1,0,1,0,0,0,1,0.005,0.995,0,0,0,0,0,0.59,0,0,0.615,0,1,0,0,0,0,0,0,0,0,0,0.805,0,0,0.86,0,0.48,0,0,0,0
K7s,4,0.585,1,1,1,0.595,0.405,0,0,0,0,0,0.04,0.03,0,0.055,0.14,0.86,0,0,0,0.03,0.075,0.025,0.145,0.855,0.138,0.092,0,0.01,0.108,0.892,0.19,0.015,0.195,0.805,0.095,0.905,0.064,0.34,0.046,0.358,0.225,0,0,0,0.285,0.715,0,0,0.215,0.785,0.235,0.765,0,0,0,0,0.235,0.765,0,0,0.13,0.87,0.085,0.915,0,0,0,1,0.18,0.82,0,0.005,0,0,0,0.245,0,0.315,0.685,0,1,0,0,0,0,0,0.345,0,0,0.015,0.95,0,0,1,0,0,0,0,0.19,0
K6s,4,0.465,1,1,1,0.76,0.24,0.3353333333,0.3053333333,0,0,0.015,0.18,0.26,0,0.29,0.065,0.935,0,0,0.215,0.14,0.255,0.115,0.195,0.805,0.238,0.198,0.116,0.09,0.248,0.752,0.295,0.05,0.265,0.735,0.46,0.54,0.032,0.208,0.056,0.184,0.01,0.03,0.01,0.125,0.2,0.8,0,0.15,0.285,0.715,0.2,0.8,0,0,0,0.005,0.41,0.59,0,0.05,0.18,0.82,0.35,0.65,0,0.094,0.204,0.796,0.385,0.615,0,0,0.185,0,0,0.515,0,0,0.995,0,1,0,0,0.06,0,0,1,0.04633333333,0.8433333333,0,0.985,0,0,1,0,0.19,0.22,0,0,0
K5s,4,0.205,0.39,1,1,0.71,0.29,0.145,0.115,0,0,0,0,0,0,0,0.12,0.88,0,0,0,0,0,0,0.19,0.81,0,0.014,0,0,0.106,0.894,0,0.04,0.165,0.835,0.04,0.96,0.066,0.224,0.004,0.286,0,0,0,0,0,1,0,0,0,1,0,1,0,0,0,0,0,1,0,0,0,1,0,1,0,0,0,1,0.325,0.675,0,0,0,0,0,0.5,0,0,0.595,0,0.585,0,0,0,0,0,0.12,0,0.47,0,0.685,0,0,0.782,0,0,0,0,0,0
K4s,4,0,0,1,1,0.715,0.285,0,0,0,0,0,0,0,0,0,0.31,0.69,0,0,0,0,0,0,0.19,0.81,0,0,0,0,0.244,0.756,0,0,0.155,0.845,0.19,0.81,0,0.142,0.03,0.256,0,0,0,0,0,1,0,0,0,1,0,1,0,0,0,0,0,1,0,0,0,1,0,1,0,0,0,1,0,1,0,0,0,0,0,0,0,0,0.565,0,0.73,0,0,0,0,0,0.115,0,0.7,0,1,0,0,0.936,0,0,0.835,0,0,0
K3s,4,0,0,1,1,0.715,0.285,0,0,0,0,0,0,0,0,0,0.1,0.9,0,0,0,0,0,0,0.24,0.76,0,0,0,0,0.26,0.74,0,0,0.08,0.92,0.235,0.765,0,0,0.026,0.26,0,0,0,0,0,1,0,0,0,1,0,1,0,0,0,0,0,1,0,0,0,1,0,1,0,0,0,1,0,1,0,0,0.165,0,0,0.7,0,0,0.955,0,1,0,0,0.05,0,0,0.96,0,0.605,0,0.95,0,0,0.924,0,0,1,0,0,0
K2s,4,0,0,0,1,0.81,0.19,0,0.005,0,0,0,0,0,0,0,0,1,0,0,0,0,0,0,0,1,0,0,0,0,0.116,0.884,0,0,0,1,0,1,0,0,0.024,0.166,0,0,0,0,0,1,0,0,0,1,0,1,0,0,0,0,0,1,0,0,0,1,0,1,0,0,0,1,0,1,0,0,0,0,0,0.77,0,0,0.75,0,0.915,0,0,0,0,0,0.255,0,0.48,0,0.66,0,0,0.624,0,0,0.98,0,0,0
QJs,4,1,1,1,1,1,0,0.525,0.475,0.93,0.735,0.265,0.27,0.73,0.425,0.575,0.65,0.35,0.87,0.13,0.245,0.755,0.41,0.59,0.61,0.39,0.44,0.56,0.86,0.14,0.19,0.81,0.815,0.185,0.08,0.92,0.255,0.745,0,0,0,0,0.77,0.23,0.75,0.25,0.695,0.305,0.815,0.185,1,0,0.91,0.09,0.84,0.16,0.845,0.155,1,0,0.895,0.105,1,0,1,0,0.97,0.03,1,0,1,0,0,1,0,0,1,0,0,1,0,1,0,0,1,0,0,1,0,1,0,1,0,0.14,0.86,0,0,1,0,0,1,0
QTs,4,1,1,1,1,0.915,0.085,0.375,0.625,0.04,0.69,0.31,0.375,0.625,0.285,0.715,0.345,0.655,0.915,0.085,0.475,0.525,0.44,0.56,0.4,0.6,0.476,0.524,0.8,0.2,0.222,0.778,0.87,0.13,0.28,0.72,0.46,0.54,0,0.086,0.086,0,0.485,0.515,0.42,0.58,0.395,0.605,0.27,0.73,0.355,0.645,0.5,0.5,0.56,0.44,0.365,0.635,0.19,0.81,0.365,0.635,0.575,0.425,0.89,0.11,0.638,0.362,1,0,1,0,0,0.025,0.385,0,0.22,0.78,0,0.255,0.745,0.085,0.915,0,0.32,0.315,0,0.31,0.69,0.24,0.76,0.34,0.66,0,1,0,0,1,0,0,0.945,0
Q9s,4,1,1,1,1,0.54,0.46,0,0.045,0,0,0,0,0,0,0,0.125,0.875,0,0,0.855,0,0,0,0.285,0.715,0.966,0.034,0,0.034,0,1,0.875,0.125,0.08,0.92,0.225,0.775,0.04,0.42,0,0.46,0,0,0,0,0.085,0.915,0,0,0.025,0.975,0,1,0,0,0,0,0.075,0.925,0,0,0,1,0.005,0.995,0,0,0,1,0.975,0.025,0,0,0,0,0,0.3,0,0,0.37,0,1,0,0,0,0,0,0,0,0.315,0,0.97,0,0,1,0,0.185,0,0,0.075,0
Q8s,4,0.035,0.615,1,1,0.71,0.29,0,0.085,0,0,0,0,0,0,0,0.12,0.88,0,0,0,0,0,0,0.16,0.84,0,0,0,0,0.202,0.798,0,0,0.06,0.94,0,1,0,0.29,0,0.29,0,0,0,0,0,1,0,0,0,1,0,1,0,0,0,0,0.006,0.994,0,0,0.015,0.985,0.055,0.945,0,0,0,1,0.345,0.655,0,0,0,0,0,0,0,0,0,0,0,0,0,0,0,0,0,0,0,0,0,0,0,0,0,0,0,0,0,0
Q7s,4,0,0,1,1,0.785,0.215,0,0,0,0,0,0,0,0,0,0,1,0,0,0,0,0,0,0,1,0,0,0,0,0,1,0,0,0.025,0.975,0,1,0,0.082,0,0.216,0,0,0,0,0,0.26,0,0,0,0.995,0,1,0,0,0,0,0,0.195,0,0,0,1,0,1,0,0,0,0.486,0.06,0.94,0,0,0,0,0,0,0,0,0,0,0,0,0,0,0,0,0,0,0,0,0,0,0,0,0,0,0,0,0,0
Q6s,4,0,0,1,1,0.87,0.13,0,0,0,0,0,0,0,0,0,0.075,0.925,0,0,0,0,0,0,0.05,0.95,0,0,0,0,0.31,0.69,0,0,0.12,0.88,0,1,0,0.112,0,0.13,0,0,0,0,0,1,0,0,0,1,0,1,0,0,0,0,0,0.85,0,0,0,1,0,1,0,0,0,1,0.25,0.75,0,0,0,0,0,0,0,0,0,0,0,0,0,0,0,0,0,0,0,0,0,0,0,0,0,0,0,0,0,0
Q5s,4,0,0,1,1,0.815,0.185,0,0,0,0,0,0,0,0,0,0,1,0,0,0,0,0,0,0.015,0.985,0,0,0,0,0.388,0.612,0,0,0.095,0.905,0,1,0,0.038,0,0.186,0,0,0,0,0,0.74,0,0,0,1,0,1,0,0,0,0,0,0.655,0,0,0,1,0,1,0,0,0,0.838,0.27,0.73,0,0,0,0,0,0,0,0,0,0,0.03,0,0,0,0,0,0.065,0,0,0,0,0,0,0,0,0,0,0,0,0
Q4s,4,0,0,0,1,0.735,0.265,0,0,0,0,0,0,0,0,0,0,1,0,0,0,0,0,0,0,1,0,0,0,0,0.302,0.698,0,0,0.06,0.94,0.015,0.985,0,0,0.04,0.226,0,0,0,0,0,0.24,0,0,0,0.925,0,1,0,0,0,0,0,0.355,0,0,0,0.99,0,1,0,0,0,0.128,0,1,0,0,0,0,0,0,0,0,0.06,0,0,0,0,0,0,0,0,0,0.015,0,0,0,0,0,0,0,0,0,0,0
Q3s,4,0,0,0,1,0.65,0.35,0,0,0,0,0,0,0,0,0,0,1,0,0,0,0,0,0,0,1,0,0,0,0,0.11,0.89,0,0,0.16,0.84,0,1,0,0,0.032,0.318,0,0,0,0,0,0.49,0,0,0,0.52,0,1,0,0,0,0,0,0.285,0,0,0,0.805,0,1,0,0,0,0,0,1,0,0,0,0,0,0,0,0,0,0,0.005,0,0,0,0,0,0.15,0,0,0,0.2,0,0,0,0,0,0,0,0,0
Q2s,4,0,0,0,1,0.66,0.34,0,0,0,0,0,0,0,0,0,0,1,0,0,0,0,0,0,0,1,0,0,0,0,0.172,0.828,0,0,0.01,0.99,0,1,0,0,0.074,0.266,0,0,0,0,0,0.325,0,0,0,0.385,0,1,0,0,0,0,0,0,0,0,0,0.54,0,1,0,0,0,0,0,0.925,0,0,0,0,0,0.11,0,0,0,0,0,0,0,0,0,0,0.03,0,0,0,0.26,0,0,0,0,0,0,0,0,0
JTs,4,1,1,1,1,0.945,0.055,0.42,0.58,0.215,0.63,0.37,0.215,0.785,0.37,0.63,0.345,0.655,0.85,0.15,0.44,0.56,0.425,0.575,0.375,0.625,0.62,0.38,0.868,0.132,0.736,0.264,0.95,0.05,0.725,0.275,0.605,0.395,0,0.056,0.056,0,0.34,0.66,0.23,0.77,0.17,0.83,0.245,0.755,0.195,0.805,0.38,0.62,0.575,0.425,0.55,0.45,0.845,0.155,0.69,0.31,0.945,0.055,1,0,1,0,1,0,1,0,0,0.35,0.65,0,0.41,0.59,0,0.78,0.22,1,0,0,0.925,0.075,0,0.96,0.04,0.885,0.115,1,0,0,1,0,0,0.855,0.03,0,0.92,0
J9s,4,1,1,1,1,0.625,0.375,0.3593333333,0.2553333333,0,0,0,0,0.375,0,0.255,0.05,0.95,0,0,0.005,0.15,0,0.165,0.15,0.85,0.814,0.186,0.612,0.078,0.414,0.586,0.905,0.095,0.755,0.245,0.445,0.555,0.042,0.334,0.09,0.286,0.34,0.175,0,0.175,0,1,0,0.27,0,1,0.12,0.88,0.59,0.24,0.11,0.21,0.19,0.81,0.16,0.21,0.065,0.935,0.76,0.24,0.69,0.276,0.456,0.544,1,0,0,0,0,0,0.12,0.88,0,0.055,0.945,0.06,0.94,0,0.205,0.105,0,0.47,0.53,0.73,0.27,0.435,0.565,0,0.806,0.194,0,0.05,0,0,0.975,0
J8s,4,0,0.25,1,1,0.605,0.395,0,0,0,0,0,0,0,0,0,0.02,0.98,0,0,0,0,0,0,0.02,0.98,0,0,0,0,0.106,0.894,0,0.005,0.12,0.88,0.115,0.885,0.046,0.35,0.03,0.366,0,0,0,0,0,1,0,0,0,1,0,1,0,0,0,0,0.095,0.905,0,0,0,1,0,1,0,0,0.272,0.728,0.265,0.735,0,0,0,0,0,0.945,0,0.075,0.915,0,1,0,0,0,0,0.08966666667,0.2436666667,0.025,0.485,0.055,0.795,0,0,1,0,0.63,0,0,0.015,0
J7s,4,0,0,1,1,0.865,0.135,0,0,0,0,0,0,0,0,0,0,1,0,0,0,0,0,0,0,1,0,0,0,0,0.246,0.754,0,0,0.395,0.605,0,1,0,0.03,0.008,0.128,0,0,0,0,0,0.985,0,0,0,1,0,1,0,0,0,0,0,0.8,0,0,0,1,0,1,0,0,0.006,0.89,0.245,0.755,0,0,0,0,0,0,0,0,0,0,0,0,0,0,0,0,0,0,0,0,0,0,0,0,0,0,0,0,0,0
J6s,4,0,0,0,1,0.815,0.185,0,0,0,0,0,0,0,0,0,0,1,0,0,0,0,0,0,0,1,0,0,0,0,0.202,0.798,0,0,0.175,0.825,0,1,0,0,0.018,0.166,0,0,0,0,0,0,0,0,0,0.425,0,1,0,0,0,0,0,0,0,0,0,0,0,1,0,0,0,0,0,0.35,0,0,0,0,0,0,0,0,0,0,0,0,0,0,0,0,0,0,0.01,0,0,0,0,0,0,0,0,0,0,0
J5s,4,0,0,0,1,0.72,0.28,0,0,0,0,0,0,0,0,0,0,1,0,0,0,0,0,0,0,1,0,0,0,0,0.012,0.988,0,0,0.235,0.765,0,1,0,0,0.032,0.248,0,0,0,0,0,0,0,0,0,0,0,1,0,0,0,0,0,0,0,0,0,0,0,1,0,0,0,0,0,0.59,0,0,0,0,0,0,0,0,0,0,0,0,0,0,0,0,0,0,0,0,0,0,0,0,0,0,0,0,0,0
J4s,4,0,0,0,1,0.72,0.28,0,0,0,0,0,0,0,0,0,0,1,0,0,0,0,0,0,0,1,0,0,0,0,0.038,0.908,0,0,0.18,0.82,0,1,0,0,0.01,0.27,0,0,0,0,0,0,0,0,0,0,0,1,0,0,0,0,0,0,0,0,0,0,0,1,0,0,0,0,0,0.055,0,0,0,0,0,0,0,0,0,0,0,0,0,0,0,0,0,0,0,0,0,0,0,0,0,0,0,0,0,0
J3s,4,0,0,0,0.315,0.46,0.54,0,0.21,0,0,0,0,0,0,0,0,0.7,0,0,0,0,0,0,0,1,0,0,0,0,0,0.304,0,0,0.14,0.86,0.155,0.845,0,0,0,0.068,0,0,0,0,0,0,0,0,0,0,0,1,0,0,0,0,0,0,0,0,0,0,0,0.965,0,0,0,0,0,0.045,0,0,0,0,0,0,0,0,0,0,0,0,0,0,0,0,0,0,0,0,0,0,0,0,0,0,0,0,0,0
J2s,4,0,0,0,0,0,1,0,0.13,0,0,0,0,0,0,0,0,0.47,0,0,0,0,0,0,0,1,0,0,0,0,0,0,0,0,0,0.96,0.135,0.865,0,0,0,0,0,0,0,0,0,0,0,0,0,0,0,1,0,0,0,0,0,0,0,0,0,0,0,0.98,0,0,0,0,0,0,0,0,0,0,0,0,0,0,0,0,0,0,0,0,0,0,0,0,0,0,0,0,0,0,0,0,0,0,0,0
T9s,4,1,1,1,1,0.68,0.32,0.675,0.325,0,0.15,0.16,0.33,0.67,0.38,0.62,0.38,0.62,0.205,0.05,0.385,0.615,0.45,0.55,0.415,0.585,0.634,0.366,0.666,0.114,0.456,0.544,0.94,0.06,1,0,0.83,0.17,0.024,0.296,0.112,0.208,0.015,0.48,0,0.495,0,1,0,0.625,0.04,0.96,0.465,0.535,0.235,0.455,0,0.425,0,1,0.03,0.61,0.095,0.905,0.35,0.65,0.678,0.322,1,0,1,0,0,0,0.27,0,0,1,0,0,1,0,1,0,0,0,0,0.06,0.94,0.016,0.984,0.23,0.77,0,1,0,0,0,0,0,0,0
T8s,4,0.44,1,1,1,0.455,0.545,0.215,0.095,0,0,0,0.085,0.175,0,0.09,0,1,0,0,0,0,0,0,0.03,0.97,0.2276666667,0.03366666667,0,0,0,1,0.415,0.045,0.575,0.425,0.4,0.6,0.118,0.428,0.076,0.468,0,0,0,0,0,1,0,0,0,1,0,1,0,0,0,0,0,1,0,0.015,0,1,0,1,0,0.156,0.186,0.814,0.495,0.505,0,0,0,0,0,1,0,0,1,0,1,0,0,0,0,0,0.9,0,0.995,0,1,0,0.116,0.884,0,0,0,0,0,0
T7s,4,0,0,0.85,1,0.82,0.18,0,0.075,0,0,0,0,0,0,0,0,1,0,0,0,0,0,0,0,1,0,0,0,0,0.138,0.862,0,0,0.3,0.7,0,1,0,0.18,0,0.18,0,0,0,0,0,1,0,0,0,1,0,1,0,0,0,0,0,1,0,0,0,1,0,1,0,0,0.16,0.84,0.175,0.825,0,0,0,0,0,0,0,0,0,0,0.695,0,0,0,0,0,0,0,0,0,0.835,0,0,0.796,0,0,0,0,0,0
T6s,4,0,0,0,1,0.83,0.17,0.485,0.17,0,0,0,0,0,0,0,0,1,0,0,0,0,0,0,0,1,0,0,0,0,0.126,0.874,0,0,0.44,0.56,0,1,0,0,0.01,0.16,0,0,0,0,0,0,0,0,0,0.445,0,1,0,0,0,0,0,0,0,0,0,0.435,0,1,0,0,0,0,0.171,0.331,0,0,0,0,0,0,0,0,0,0,0,0,0,0,0,0,0,0,0,0,0,0,0,0,0,0,0,0,0,0
T5s,4,0,0,0,0.305,0.35,0.65,0.57,0.065,0,0,0,0,0,0,0,0,0.53,0,0,0,0,0,0,0,1,0,0,0,0,0,0,0,0,0,0.65,0.16,0.84,0,0,0,0.026,0,0,0,0,0,0,0,0,0,0,0,0.33,0,0,0,0,0,0,0,0,0,0,0,0.745,0,0,0,0,0,0,0,0,0,0,0,0,0,0,0,0,0,0,0,0,0,0,0,0,0,0,0,0,0,0,0,0,0,0,0,0
T4s,4,0,0,0,0,0.155,0.845,0.395,0.605,0,0,0,0,0,0,0,0,0.415,0,0,0,0,0,0,0,0.405,0,0,0,0,0,0,0,0,0,0.305,0.315,0.685,0,0,0,0,0,0,0,0,0,0,0,0,0,0,0,0,0,0,0,0,0,0,0,0,0,0,0,0.755,0,0,0,0,0,0,0,0,0,0,0,0,0,0,0,0,0,0,0,0,0,0,0,0,0,0,0,0,0,0,0,0,0,0,0,0
T3s,4,0,0,0,0,0,0.015,0.005,0.47,0,0,0,0,0,0,0,0,0.265,0,0,0,0,0,0,0,0.265,0,0,0,0,0,0,0,0,0,0.33,0.435,0.565,0,0,0,0,0,0,0,0,0,0,0,0,0,0,0,0,0,0,0,0,0,0,0,0,0,0,0,0.015,0,0,0,0,0,0,0,0,0,0,0,0,0,0,0,0,0,0,0,0,0,0,0,0,0,0,0,0,0,0,0,0,0,0,0,0
T2s,4,0,0,0,0,0,0,0,0,0,0,0,0,0,0,0,0,0,0,0,0,0,0,0,0,0,0,0,0,0,0,0,0,0,0,0,0.445,0.555,0,0,0,0,0,0,0,0,0,0,0,0,0,0,0,0.51,0,0,0,0,0,0,0,0,0,0,0,0.3,0,0,0,0,0,0,0,0,0,0,0,0,0,0,0,0,0,0,0,0,0,0,0,0,0,0,0,0,0,0,0,0,0,0,0,0
98s,4,0.375,1,1,1,0.405,0.595,0.532,0.239,0,0,0.085,0.06,0.49,0.09,0.315,0.225,0.775,0,0.025,0.07,0.4,0.05,0.325,0.205,0.795,0.078,0.299,0,0.034,0.244,0.756,0.17,0.03,0.51,0.49,0.93,0.07,0.184,0.41,0.084,0.512,0,0.26,0,0.335,0.035,0.965,0,0.34,0.005,0.995,0.425,0.575,0,0.31,0,0.275,0,1,0,0.335,0.21,0.79,0.435,0.565,0.128,0.21,0.234,0.766,0.995,0.005,0,0,0.045,0,0,1,0,0,1,0,1,0,0,0,0,0,1,0,0.97,0,1,0,0.162,0.838,0,0,0,0,0,0
97s,4,0.01,0.145,1,1,0.835,0.165,0.35,0.365,0,0,0,0,0.06,0,0.035,0,1,0,0,0,0,0,0,0,1,0,0.006,0,0,0,1,0,0,0.115,0.885,0.215,0.785,0.006,0.16,0,0.166,0,0.025,0,0.05,0,1,0,0,0,1,0,1,0,0,0,0.045,0,1,0,0.005,0,1,0,1,0,0.008,0,1,0.54,0.46,0,0,0.06,0,0,1,0,0,1,0,1,0,0,0.155,0,0,1,0,1,0,1,0,0,1,0,0,0,0,0,0
96s,4,0,0,0,1,0.775,0.225,0.445,0.555,0,0,0,0,0,0,0,0,1,0,0,0,0,0,0,0,1,0,0,0,0,0,1,0,0,0.12,0.88,0,1,0,0,0.014,0.21,0,0,0,0,0,1,0,0,0,1,0,1,0,0,0,0,0,1,0,0,0,1,0,1,0,0,0,1,0.335,0.665,0,0,0,0,0,0,0,0,0,0,0.005,0,0,0,0,0,0,0,0,0,0.235,0,0,0.91,0,0,0,0,0,0
95s,4,0,0,0,0,0.375,0.625,0.955,0.045,0,0,0,0,0,0,0,0,1,0,0,0,0,0,0,0,1,0,0,0,0,0,0.506,0,0,0,0.345,0,1,0,0,0,0,0,0,0,0,0,0,0,0,0,0,0,1,0,0,0,0,0,0,0,0,0,0,0,1,0,0,0,0,0,0,0,0,0,0,0,0,0,0,0,0,0,0,0,0,0,0,0,0,0,0,0,0,0,0,0,0,0,0,0,0
94s,4,0,0,0,0,0,0,0.43,0.355,0,0,0,0,0,0,0,0,0,0,0,0,0,0,0,0,0,0,0,0,0,0,0,0,0,0,0,0.234,0.552,0,0,0,0,0,0,0,0,0,0,0,0,0,0,0,0,0,0,0,0,0,0,0,0,0,0,0,0,0,0,0,0,0,0,0,0,0,0,0,0,0,0,0,0,0,0,0,0,0,0,0,0,0,0,0,0,0,0,0,0,0,0,0,0
93s,4,0,0,0,0,0,0,0.595,0.405,0,0,0,0,0,0,0,0,0.265,0,0,0,0,0,0,0,0.415,0,0,0,0,0,0,0,0,0,0,0.1,0.295,0,0,0,0,0,0,0,0,0,0,0,0,0,0,0,0,0,0,0,0,0,0,0,0,0,0,0,0,0,0,0,0,0,0,0,0,0,0,0,0,0,0,0,0,0,0,0,0,0,0,0,0,0,0,0,0,0,0,0,0,0,0,0,0
92s,4,0,0,0,0,0,0,0.555,0.43,0,0,0,0,0,0,0,0,0.28,0,0,0,0,0,0,0,0.28,0,0,0,0,0,0,0,0,0,0,0,0,0,0,0,0,0,0,0,0,0,0,0,0,0,0,0,0.33,0,0,0,0,0,0,0,0,0,0,0,0.545,0,0,0,0,0,0,0,0,0,0,0,0,0,0,0,0,0,0,0,0,0,0,0,0,0,0,0,0,0,0,0,0,0,0,0,0
87s,4,0.18,0.305,1,1,0.735,0.265,0.565,0.435,0,0.006,0.04,0.06033333333,0.3673333333,0.157,0.231,0.45,0.55,0,0.005,0,0.225,0.135,0.175,0.51,0.49,0.192,0.16,0.012,0.022,0.306,0.694,0.095,0.03,0.48,0.52,0.72,0.28,0.072,0.194,0.086,0.178,0,0.205,0.09,0.285,0.195,0.805,0.145,0.25,0.275,0.725,0.615,0.385,0,0.105,0.005,0.179,0.125,0.875,0.02,0.175,0.25,0.75,0.78,0.22,0.038,0.108,0.26,0.74,0.32,0.68,0,0,0.03,0,0.175,0.825,0,0,1,0,1,0,0,0,0,0.066,0.934,0.13,0.87,0.1,0.9,0,0.038,0.962,0,0,0,0,0,0
86s,4,0,0,0.47,1,0.8,0.2,0.17,0.83,0,0,0,0,0.035,0,0,0,1,0,0,0,0,0,0,0,1,0,0,0,0,0,1,0,0,0.05,0.95,0.02,0.98,0,0.004,0.034,0.166,0,0,0,0,0,1,0,0,0,1,0,1,0,0,0,0.005,0,1,0,0,0,1,0,1,0,0,0,1,0.21,0.79,0,0,0.295,0,0,1,0,0,1,0,1,0,0,0.145,0,0,1,0,1,0,1,0,0,1,0,0,0,0,0,0
85s,4,0,0,0,0.835,0.745,0.255,0.615,0.385,0,0,0,0,0,0,0,0,1,0,0,0,0,0,0,0,1,0,0,0,0,0,1,0,0,0.13,0.87,0,1,0,0,0.054,0.2,0,0,0,0,0,1,0,0,0,1,0,1,0,0,0,0,0,1,0,0,0,1,0,1,0,0,0,1,0,1,0,0,0,0,0,0,0,0,0,0,0,0,0,0,0,0,0,0,0,0,0.315,0,0,0.092,0,0,0,0,0,0
84s,4,0,0,0,0,0,0,0.565,0.435,0,0,0,0,0,0,0,0,0.605,0,0,0,0,0,0,0,0.935,0,0,0,0,0,0,0,0,0,0.045,0,1,0,0,0,0,0,0,0,0,0,0,0,0,0,0,0,0.75,0,0,0,0,0,0,0,0,0,0,0,1,0,0,0,0,0,0,0,0,0,0,0,0,0,0,0,0,0,0,0,0,0,0,0,0,0,0,0,0,0,0,0,0,0,0,0,0
83s,4,0,0,0,0,0,0,0.265,0.19,0,0,0,0,0,0,0,0,0,0,0,0,0,0,0,0,0,0,0,0,0,0,0,0,0,0,0,0,0,0,0,0,0,0,0,0,0,0,0,0,0,0,0,0,0,0,0,0,0,0,0,0,0,0,0,0,0,0,0,0,0,0,0,0,0,0,0,0,0,0,0,0,0,0,0,0,0,0,0,0,0,0,0,0,0,0,0,0,0,0,0,0,0
82s,4,0,0,0,0,0,0,0.455,0.35,0,0,0,0,0,0,0,0,0,0,0,0,0,0,0,0,0,0,0,0,0,0,0,0,0,0,0,0,0,0,0,0,0,0,0,0,0,0,0,0,0,0,0,0,0,0,0,0,0,0,0,0,0,0,0,0,0,0,0,0,0,0,0,0,0,0,0,0,0,0,0,0,0,0,0,0,0,0,0,0,0,0,0,0,0,0,0,0,0,0,0,0,0
76s,4,0.165,0.145,0.584,1,0.875,0.125,0.517,0.428,0,0.045,0.055,0.08466666667,0.2836666667,0.07,0.17,0.42,0.58,0,0.01,0,0.135,0.025,0.01,0.495,0.505,0.146,0.102,0,0.016,0.368,0.632,0.219,0.03,0.605,0.395,0.83,0.17,0.026,0.1,0.058,0.066,0.005,0.24,0.137,0.251,0.19,0.81,0.1583333333,0.2143333333,0.17,0.83,0.35,0.65,0.02,0.13,0.125,0.235,0.175,0.825,0.21,0.2,0.39,0.61,0.505,0.495,0.08,0.124,0.308,0.692,0.475,0.525,0,0.1753333333,0.3653333333,0,0.1,0.9,0,0.085,0.915,0.005,0.995,0,0.059,0.448,0,0.16,0.84,0.015,0.985,0.18,0.82,0,0.01,0.99,0,0,0.565,0,0,0
75s,4,0,0,0,1,0.745,0.255,0,0.27,0,0,0,0,0,0,0,0,1,0,0,0,0,0,0,0,1,0,0,0,0,0,1,0,0,0,1,0,1,0,0,0.01,0.244,0,0,0,0,0,1,0,0,0,1,0,1,0,0,0,0,0,1,0,0,0,1,0,1,0,0,0,1,0,1,0,0,0,0,0,1,0,0,1,0,1,0,0,0,0,0,1,0,1,0,1,0,0,1,0,0,0.63,0,0,0
74s,4,0,0,0,0,0.445,0.555,0.24,0.76,0,0,0,0,0,0,0,0,1,0,0,0,0,0,0,0,1,0,0,0,0,0,1,0,0,0,1,0,1,0,0,0,0.028,0,0,0,0,0,1,0,0,0,1,0,1,0,0,0,0,0,1,0,0,0,1,0,1,0,0,0,0.928,0,1,0,0,0,0,0,0.35,0,0,0.465,0,0.705,0,0,0,0,0,0.67,0,0.485,0,0.675,0,0,0.442,0,0,0,0,0,0
73s,4,0,0,0,0,0,0,0.455,0.38,0,0,0,0,0,0,0,0,0.095,0,0,0,0,0,0,0,0.035,0,0,0,0,0,0,0,0,0,0,0,1,0,0,0,0,0,0,0,0,0,0,0,0,0,0,0,0.285,0,0,0,0,0,0,0,0,0,0,0,0.995,0,0,0,0,0,0,0,0,0,0,0,0,0,0,0,0,0,0,0,0,0,0,0,0,0,0,0,0,0,0,0,0,0,0,0,0
72s,4,0,0,0,0,0,0,0,0,0,0,0,0,0,0,0,0,0,0,0,0,0,0,0,0,0,0,0,0,0,0,0,0,0,0,0,0,0,0,0,0,0,0,0,0,0,0,0,0,0,0,0,0,0,0,0,0,0,0,0,0,0,0,0,0,0,0,0,0,0,0,0,0,0,0,0,0,0,0,0,0,0,0,0,0,0,0,0,0,0,0,0,0,0,0,0,0,0,0,0,0,0
65s,4,0.205,0.19,0.474,1,0.72,0.28,0.3483333333,0.1393333333,0.345,0.405,0.115,0.325,0.475,0.345,0.22,0.525,0.475,0.315,0.02,0.255,0.195,0.28,0.065,0.66,0.34,0.1683333333,0.09233333333,0.124,0.01,0.51,0.49,0,0.01,0.215,0.785,0.56,0.44,0,0.076,0.066,0.214,0.191,0.462,0.42,0.325,0.44,0.56,0.35,0.335,0.405,0.595,0.695,0.305,0.12,0.365,0.53,0.295,0.51,0.49,0.465,0.285,0.57,0.43,0.635,0.365,0.244,0.07,0.42,0.58,0.42,0.58,0,0.1,0.25,0,0.29,0.71,0,0.465,0.535,0.42,0.58,0,0.155,0.43,0,0.145,0.855,0.49,0.51,0.245,0.755,0,0.068,0.932,0,0,1,0,0,0
64s,4,0,0,0,1,0.77,0.23,0,0.015,0,0,0,0,0,0,0,0,1,0,0,0,0,0,0,0,1,0,0,0,0,0.082,0.918,0,0,0,1,0,1,0,0,0,0.23,0,0,0,0,0,1,0,0,0,1,0,1,0,0,0,0,0,1,0,0,0,1,0,1,0,0,0,1,0,1,0,0,0.085,0,0,1,0,0,1,0,1,0,0,0.01,0,0,1,0,1,0,1,0,0,1,0,0,1,0,0,0
63s,4,0,0,0,0,0,0.36,0.08,0.257,0,0,0,0,0,0,0,0,1,0,0,0,0,0,0,0,1,0,0,0,0,0,1,0,0,0,1,0,1,0,0,0,0,0,0,0,0,0,1,0,0,0,1,0,1,0,0,0,0,0,1,0,0,0,1,0,1,0,0,0,0.962,0,1,0,0,0,0,0,0.24,0,0,0.98,0,1,0,0,0,0,0,0.225,0,0.99,0,1,0,0,0.814,0,0,1,0,0,0
62s,4,0,0,0,0,0,0,0.1466666667,0.1706666667,0,0,0,0,0,0,0,0,0,0,0,0,0,0,0,0,0,0,0,0,0,0,0,0,0,0,0,0,0.1,0,0,0,0,0,0,0,0,0,0,0,0,0,0,0,0,0,0,0,0,0,0,0,0,0,0,0,1,0,0,0,0,0,0,0,0,0,0,0,0,0,0,0,0,0,0,0,0,0,0,0,0,0,0,0,0,0,0,0,0,0,0,0,0
54s,4,0.095,0.025,0.216,1,0.62,0.38,0.552,0.169,0.24,0.29,0.135,0.155,0.57,0.065,0.15,0.3,0.7,0.24,0.03,0.01,0.29,0.005,0,0.435,0.565,0.13,0.156,0,0,0.316,0.684,0,0.01,0.35,0.65,0.745,0.255,0,0.058,0.08,0.3,0,0.53,0.145,0.35,0.29,0.71,0.19,0.255,0.21,0.79,0.275,0.725,0,0.52,0.25,0.31,0.4,0.6,0.29,0.2,0.44,0.56,0.41,0.59,0.034,0.02,0.262,0.738,0.44,0.56,0,0,0.3,0,0,1,0,0.005,0.995,0.295,0.705,0,0,0.515,0,0,1,0.025,0.975,0.165,0.835,0,0,1,0,0,1,0,0,0
53s,4,0,0,0,0.095,0.635,0.365,0,0,0,0,0,0,0,0,0,0,1,0,0,0,0,0,0,0,1,0,0,0,0,0,1,0,0,0,1,0,1,0,0,0,0.222,0,0.09,0,0,0,1,0,0,0,1,0,1,0,0,0,0,0,1,0,0,0,1,0,1,0,0,0,1,0,1,0,0,0.6,0,0,1,0,0,1,0,1,0,0,0.18,0,0,1,0,1,0,1,0,0,1,0,0,1,0,0,0
52s,4,0,0,0,0,0,0,0,0.165,0,0,0,0,0,0,0,0,1,0,0,0,0,0,0,0,1,0,0,0,0,0,1,0,0,0,1,0,1,0,0,0,0,0,0,0,0,0,1,0,0,0,1,0,1,0,0,0,0,0,1,0,0,0,1,0,1,0,0,0,1,0,1,0,0,0,0,0,0.87,0,0,1,0,1,0,0,0,0,0,1,0,1,0,1,0,0,1,0,0,1,0,0,0
43s,4,0,0,0,0,0.035,0.34,0,0.04,0,0,0,0,0,0,0,0,1,0,0,0,0,0,0,0,1,0,0,0,0,0,1,0,0,0,1,0.085,0.915,0,0,0,0.028,0,0,0,0,0,1,0,0,0,1,0,1,0,0,0,0,0,1,0,0,0,1,0,1,0,0,0,1,0,1,0,0,0,0,0,1,0,0,1,0,1,0,0,0,0,0,1,0,1,0,1,0,0,1,0,0,1,0,0,0
42s,4,0,0,0,0,0,0,0,0.115,0,0,0,0,0,0,0,0,1,0,0,0,0,0,0,0,1,0,0,0,0,0,0.688,0,0,0,0.95,0,1,0,0,0,0,0,0,0,0,0,1,0,0,0,1,0,1,0,0,0,0,0,1,0,0,0,1,0,1,0,0,0,0.826,0,1,0,0,0,0,0,0.49,0,0,1,0,0.79,0,0,0,0,0,0.61,0,0.32,0,0.995,0,0,0.588,0,0,1,0,0,0
32s,4,0,0,0,0,0,0,0.19,0.315,0,0,0,0,0,0,0,0,1,0,0,0,0,0,0,0,1,0,0,0,0,0,0.15,0,0,0,0.235,0,1,0,0,0,0,0,0,0,0,0,1,0,0,0,1,0,1,0,0,0,0,0,1,0,0,0,1,0,1,0,0,0,0.316,0,0.375,0,0,0,0,0,0.03,0,0,0.01,0,0,0,0,0,0,0,0.005,0,0.005,0,0,0,0,0,0,0,0,0,0,0
AKo,12,1,1,1,1,0.77,0.23,0.87,0.13,1,0.84,0.16,0.705,0.295,0.695,0.305,0.575,0.425,0.945,0.055,0.89,0.11,0.85,0.15,0.89,0.11,0.996,0.004,0.992,0.008,1,0,1,0,1,0,1,0,0.23,0,0.23,0,0.895,0.105,0.995,0.005,1,0,1,0,1,0,1,0,0.965,0.035,1,0,1,0,1,0,1,0,1,0,1,0,1,0,1,0,0.01,0.99,0,0.07,0.93,0,0.005,0.995,0,1,0,0.085,0.915,0,0.02,0.98,0,1,0,1,0,0.064,0.936,0,0.075,0.925,0,0,1,0
AQo,12,1,1,1,1,0.85,0.15,0.6,0.4,1,0.805,0.195,0.455,0.545,0.34,0.66,0,1,0.91,0.09,0.595,0.405,0.535,0.465,0.01,0.99,0.622,0.378,0.908,0.092,0.442,0.558,0.92,0.08,0.935,0.065,0.82,0.18,0.136,0.014,0.15,0,0.855,0.145,0.766,0.219,0.79,0.21,0.865,0.135,0.805,0.195,0.56,0.44,0.84,0.16,0.93,0.07,0.965,0.035,0.98,0.02,1,0,0.68,0.32,0.988,0.012,1,0,1,0,0,0.915,0,0,0.97,0.03,0,0.895,0.105,1,0,0,0.945,0.055,0,0.99,0.01,0.995,0.005,1,0,0,1,0,0,1,0,0,1,0
AJo,12,1,1,1,1,0.735,0.265,0.493,0.343,0.015,0.22,0,0.41,0.215,0,0.14,0.005,0.995,0.62,0.01,0.69,0.31,0.19,0.56,0.03,0.97,0.786,0.214,0.732,0.18,0.284,0.716,0.95,0.05,0.395,0.605,0.325,0.675,0.156,0.108,0.15,0.116,0,0,0,0,0,1,0,0,0,1,0,1,0.335,0,0,0.06,0.04,0.96,0.125,0.13,0.225,0.775,0.28,0.72,0.478,0.19,0.558,0.442,0.725,0.275,0,0,0,0,0,0,0,0,0,0.115,0.325,0,0,0,0,0,0.11,0,0.245,0.355,0.555,0,0.834,0.166,0,0,0,0,0.275,0
ATo,12,0.755,1,1,1,0.71,0.29,0.175,0.265,0,0,0,0,0,0,0,0.14,0.86,0,0,0.265,0,0,0,0.155,0.845,0.552,0,0,0,0.162,0.838,0.73,0.05,0.255,0.745,0,1,0.124,0.166,0.098,0.192,0,0,0,0,0,0.41,0,0,0,0.855,0,1,0,0,0,0,0,0.945,0,0,0,1,0,1,0,0,0,1,0.42,0.58,0,0,0,0,0,0,0,0,0,0,0,0,0,0,0,0,0,0,0,0,0,0,0,0.482,0,0,0,0,0,0
A9o,12,0,0.15,1,1,0.975,0.025,0.04966666667,0.3536666667,0,0,0,0,0,0,0,0.02,0.98,0,0,0,0,0,0,0.01,0.99,0,0,0,0,0.128,0.872,0,0,0.29,0.71,0,1,0.016,0,0,0.026,0,0,0,0,0,0,0,0,0,0,0,0,0,0,0,0,0,0,0,0,0,0,0,0.775,0,0,0,0.032,0.085,0.915,0,0,0,0,0,0,0,0,0,0,0,0,0,0,0,0,0,0,0,0,0,0,0,0,0,0,0,0,0,0
A8o,12,0,0,0.85,1,0.935,0.065,0,0,0,0,0,0,0,0,0,0.09,0.465,0,0,0,0,0,0,0.025,0.975,0,0,0,0,0.142,0.802,0,0,0.175,0.825,0,1,0,0,0,0.066,0,0,0,0,0,0,0,0,0,0,0,0,0,0,0,0,0,0,0,0,0,0,0,0.31,0,0,0,0,0,0,0,0,0,0,0,0,0,0,0,0,0,0,0,0,0,0,0,0,0,0,0,0,0,0,0,0,0,0,0,0
A7o,12,0,0,0,1,0.81,0.19,0.075,0.055,0,0,0,0,0,0,0,0,0,0,0,0,0,0,0,0.11,0.89,0,0,0,0,0.038,0.226,0,0,0.3,0.7,0.085,0.915,0,0,0.028,0.162,0,0,0,0,0,0,0,0,0,0,0,0,0,0,0,0,0,0,0,0,0,0,0,0,0,0,0,0,0,0,0,0,0,0,0,0,0,0,0,0,0,0,0,0,0,0,0,0,0,0,0,0,0,0,0,0,0,0,0,0
A6o,12,0,0,0,1,0.675,0.325,0.11,0.155,0,0,0,0,0,0,0,0,0,0,0,0,0,0,0,0,0.225,0,0,0,0,0,0,0,0,0.05,0.285,0.45,0.55,0,0,0.006,0.114,0,0,0,0,0,0,0,0,0,0,0,0,0,0,0,0,0,0,0,0,0,0,0,0,0,0,0,0,0,0,0,0,0,0,0,0,0,0,0,0,0,0,0,0,0,0,0,0,0,0,0,0,0,0,0,0,0,0,0,0
A5o,12,0,0,0.12,1,0.745,0.255,0.04633333333,0.2363333333,0,0,0,0,0,0,0,0.135,0.43,0,0,0,0,0,0,0.195,0.805,0,0,0,0,0.282,0.718,0,0,0.135,0.865,0.005,0.995,0,0,0.002,0.254,0,0,0,0,0,0,0,0,0,0,0,0,0,0,0,0,0,0,0,0,0,0,0,0.55,0,0,0,0,0,0,0,0,0,0,0,0,0,0,0,0,0,0,0,0,0,0,0,0,0,0,0,0,0,0,0,0,0,0,0,0
A4o,12,0,0,0,1,0.54,0.46,0.04,0.17,0,0,0,0,0,0,0,0.045,0,0,0,0,0,0,0,0.19,0.69,0,0,0,0,0.1,0.018,0,0,0.095,0.395,0.06,0.94,0,0,0,0.11,0,0,0,0,0,0,0,0,0,0,0,0,0,0,0,0,0,0,0,0,0,0,0,0,0,0,0,0,0,0,0,0,0,0,0,0,0,0,0,0,0,0,0,0,0,0,0,0,0,0,0,0,0,0,0,0,0,0,0,0
A3o,12,0,0,0,0.155,0.335,0.665,0.115,0.23,0,0,0,0,0,0,0,0,0,0,0,0,0,0,0,0.1043333333,0.1793333333,0,0,0,0,0,0,0,0,0,0,0.37,0.63,0,0,0,0,0,0,0,0,0,0,0,0,0,0,0,0,0,0,0,0,0,0,0,0,0,0,0,0,0,0,0,0,0,0,0,0,0,0,0,0,0,0,0,0,0,0,0,0,0,0,0,0,0,0,0,0,0,0,0,0,0,0,0,0
A2o,12,0,0,0,0,0,0.38,0.3166666667,0.2566666667,0,0,0,0,0,0,0,0,0,0,0,0,0,0,0,0,0,0,0,0,0,0,0,0,0,0,0,0.85,0.15,0,0,0,0,0,0,0,0,0,0,0,0,0,0,0,0,0,0,0,0,0,0,0,0,0,0,0,0,0,0,0,0,0,0,0,0,0,0,0,0,0,0,0,0,0,0,0,0,0,0,0,0,0,0,0,0,0,0,0,0,0,0,0,0
KQo,12,1,1,1,1,0.71,0.29,0.408,0.254,0.585,0.6,0.025,0.745,0.255,0.206,0.267,0.24,0.76,0.83,0.05,0.75,0.25,0.51,0.49,0.275,0.725,0.758,0.242,0.84,0.16,0.374,0.626,0.955,0.045,0.365,0.635,0.17,0.83,0.102,0.188,0.118,0.172,0.525,0.025,0.28,0.08,0.445,0.555,0.5223333333,0.1243333333,0.545,0.455,0.37,0.63,0.725,0.12,0.512,0.161,0.53,0.47,0.755,0.245,0.525,0.475,0.315,0.685,0.5,0.24,0.53,0.47,0.77,0.23,0,0.191,0.006,0,0.29,0.135,0,0.41,0.22,0.75,0.25,0,0.245,0.075,0,0.345,0.235,0.527,0.254,0.57,0.43,0,0.724,0.276,0,0.275,0,0,0.592,0.03
KJo,12,0.615,1,1,1,0.69,0.31,0.15,0.085,0,0.07,0,0.155,0,0,0,0.17,0.83,0.035,0,0.275,0.205,0,0.025,0.16,0.84,0.426,0.184,0.339,0.06,0.34,0.66,0.57,0.055,0.34,0.66,0.065,0.935,0.094,0.216,0.086,0.224,0,0,0,0,0,1,0,0,0,1,0.065,0.935,0.005,0,0,0,0,1,0,0.01,0.285,0.715,0.28,0.72,0.256,0.044,0.538,0.462,0.35,0.65,0,0,0,0,0,0.045,0,0,0.2,0.075,0.43,0,0,0,0,0,0.125,0,0.17,0.42,0.345,0,0.349,0.519,0,0,0,0,0,0
KTo,12,0.05,0.525,1,1,0.685,0.315,0.05,0.155,0,0,0,0.085,0,0,0,0,1,0,0,0.1,0,0,0,0.105,0.895,0.114,0,0,0,0.136,0.864,0.38,0,0.44,0.56,0.06,0.94,0.11,0.168,0.092,0.222,0,0,0,0,0,0.635,0,0,0,0.905,0,1,0,0,0,0,0,0.525,0,0,0,1,0,1,0,0,0,1,0.245,0.755,0,0,0,0,0,0,0,0,0,0,0,0,0,0,0,0,0,0,0,0,0.215,0,0,0.472,0,0,0,0,0,0
K9o,12,0,0,0.178,1,0.745,0.255,0.075,0.169,0,0,0,0,0,0,0,0,0.32,0,0,0,0,0,0,0,0.975,0,0,0,0,0.07,0.463,0,0,0.365,0.635,0.085,0.915,0,0,0.036,0.218,0,0,0,0,0,0,0,0,0,0,0,0,0,0,0,0,0,0,0,0,0,0,0,0.69,0,0,0,0,0,0.365,0,0,0,0,0,0,0,0,0,0,0,0,0,0,0,0,0,0,0,0,0,0,0,0,0,0,0,0,0,0
K8o,12,0,0,0,0.685,0.65,0.35,0.115,0,0,0,0,0,0,0,0,0,0,0,0,0,0,0,0,0,0.295,0,0,0,0,0,0,0,0,0.02,0.31,0.26,0.74,0,0,0.008,0.106,0,0,0,0,0,0,0,0,0,0,0,0,0,0,0,0,0,0,0,0,0,0,0,0,0,0,0,0,0,0,0,0,0,0,0,0,0,0,0,0,0,0,0,0,0,0,0,0,0,0,0,0,0,0,0,0,0,0,0,0
K7o,12,0,0,0,0.275,0.31,0.69,0.267,0.181,0,0,0,0,0,0,0,0,0,0,0,0,0,0,0,0,0,0,0,0,0,0,0,0,0,0,0,0.485,0.45,0,0,0,0,0,0,0,0,0,0,0,0,0,0,0,0,0,0,0,0,0,0,0,0,0,0,0,0,0,0,0,0,0,0,0,0,0,0,0,0,0,0,0,0,0,0,0,0,0,0,0,0,0,0,0,0,0,0,0,0,0,0,0,0
K6o,12,0,0,0,0,0,0.425,0.204,0.284,0,0,0,0,0,0,0,0,0,0,0,0,0,0,0,0,0.115,0,0,0,0,0,0,0,0,0,0,0.418,0.542,0,0,0,0,0,0,0,0,0,0,0,0,0,0,0,0,0,0,0,0,0,0,0,0,0,0,0,0,0,0,0,0,0,0,0,0,0,0,0,0,0,0,0,0,0,0,0,0,0,0,0,0,0,0,0,0,0,0,0,0,0,0,0,0
K5o,12,0,0,0,0,0,0.185,0.165,0.365,0,0,0,0,0,0,0,0,0,0,0,0,0,0,0,0,0,0,0,0,0,0,0,0,0,0,0,0.315,0,0,0,0,0,0,0,0,0,0,0,0,0,0,0,0,0,0,0,0,0,0,0,0,0,0,0,0,0,0,0,0,0,0,0,0,0,0,0,0,0,0,0,0,0,0,0,0,0,0,0,0,0,0,0,0,0,0,0,0,0,0,0,0,0
K4o,12,0,0,0,0,0,0,0.145,0.295,0,0,0,0,0,0,0,0,0,0,0,0,0,0,0,0,0,0,0,0,0,0,0,0,0,0,0,0,0,0,0,0,0,0,0,0,0,0,0,0,0,0,0,0,0,0,0,0,0,0,0,0,0,0,0,0,0,0,0,0,0,0,0,0,0,0,0,0,0,0,0,0,0,0,0,0,0,0,0,0,0,0,0,0,0,0,0,0,0,0,0,0,0
K3o,12,0,0,0,0,0,0,0.15,0.3,0,0,0,0,0,0,0,0,0,0,0,0,0,0,0,0,0,0,0,0,0,0,0,0,0,0,0,0,0,0,0,0,0,0,0,0,0,0,0,0,0,0,0,0,0,0,0,0,0,0,0,0,0,0,0,0,0,0,0,0,0,0,0,0,0,0,0,0,0,0,0,0,0,0,0,0,0,0,0,0,0,0,0,0,0,0,0,0,0,0,0,0,0
K2o,12,0,0,0,0,0,0,0.205,0.21,0,0,0,0,0,0,0,0,0,0,0,0,0,0,0,0,0,0,0,0,0,0,0,0,0,0,0,0,0,0,0,0,0,0,0,0,0,0,0,0,0,0,0,0,0,0,0,0,0,0,0,0,0,0,0,0,0,0,0,0,0,0,0,0,0,0,0,0,0,0,0,0,0,0,0,0,0,0,0,0,0,0,0,0,0,0,0,0,0,0,0,0,0
QJo,12,0.35,1,1,1,0.7,0.3,0.03,0.22,0,0,0,0,0,0,0,0,1,0,0,0.01,0,0,0,0,1,0.358,0,0,0,0.288,0.712,0.01,0,0.285,0.715,0,1,0.048,0.252,0.026,0.274,0,0,0,0,0,0.72,0,0,0,0.96,0,1,0,0,0,0,0,0.965,0,0,0,0.995,0,1,0,0,0,1,0.21,0.79,0,0,0,0,0,0.165,0,0,0.24,0,0.445,0,0,0,0,0,0,0,0.09,0,0.425,0,0,0.624,0,0,0,0,0,0
QTo,12,0,0.29,1,1,0.66,0.34,0.066,0.136,0,0,0,0,0,0,0,0,1,0,0,0,0,0,0,0,1,0,0,0,0,0.126,0.874,0,0,0.33,0.67,0,1,0.02,0.138,0.038,0.302,0,0,0,0,0,0.495,0,0,0,0.775,0,1,0,0,0,0,0,0.35,0,0,0,0.86,0,1,0,0,0,0.734,0.17,0.83,0,0,0,0,0,0,0,0,0,0,0,0,0,0,0,0,0,0,0,0,0.165,0,0,0.516,0,0,0,0,0,0
Q9o,12,0,0,0,1,0.665,0.335,0.21,0.295,0,0,0,0,0,0,0,0,0,0,0,0,0,0,0,0,0.425,0,0,0,0,0,0,0,0,0.19,0.715,0.25,0.75,0,0,0.028,0.128,0,0,0,0,0,0,0,0,0,0,0,0,0,0,0,0,0,0,0,0,0,0,0,0,0,0,0,0,0,0.135,0,0,0,0,0,0,0,0,0,0,0,0,0,0,0,0,0,0,0,0,0,0,0,0,0,0,0,0,0,0
Q8o,12,0,0,0,0,0.285,0.715,0.235,0.205,0,0,0,0,0,0,0,0,0,0,0,0,0,0,0,0,0,0,0,0,0,0,0,0,0,0,0,0.525,0.475,0,0,0,0,0,0,0,0,0,0,0,0,0,0,0,0,0,0,0,0,0,0,0,0,0,0,0,0,0,0,0,0,0,0,0,0,0,0,0,0,0,0,0,0,0,0,0,0,0,0,0,0,0,0,0,0,0,0,0,0,0,0,0,0
Q7o,12,0,0,0,0,0,0.07,0.25,0.29,0,0,0,0,0,0,0,0,0,0,0,0,0,0,0,0,0,0,0,0,0,0,0,0,0,0,0,0,0,0,0,0,0,0,0,0,0,0,0,0,0,0,0,0,0,0,0,0,0,0,0,0,0,0,0,0,0,0,0,0,0,0,0,0,0,0,0,0,0,0,0,0,0,0,0,0,0,0,0,0,0,0,0,0,0,0,0,0,0,0,0,0,0
Q6o,12,0,0,0,0,0,0.065,0.23,0.39,0,0,0,0,0,0,0,0,0,0,0,0,0,0,0,0,0,0,0,0,0,0,0,0,0,0,0,0.245,0,0,0,0,0,0,0,0,0,0,0,0,0,0,0,0,0,0,0,0,0,0,0,0,0,0,0,0,0,0,0,0,0,0,0,0,0,0,0,0,0,0,0,0,0,0,0,0,0,0,0,0,0,0,0,0,0,0,0,0,0,0,0,0,0
Q5o,12,0,0,0,0,0,0,0.16,0.31,0,0,0,0,0,0,0,0,0,0,0,0,0,0,0,0,0,0,0,0,0,0,0,0,0,0,0,0.065,0,0,0,0,0,0,0,0,0,0,0,0,0,0,0,0,0,0,0,0,0,0,0,0,0,0,0,0,0,0,0,0,0,0,0,0,0,0,0,0,0,0,0,0,0,0,0,0,0,0,0,0,0,0,0,0,0,0,0,0,0,0,0,0,0
Q4o,12,0,0,0,0,0,0,0.159,0.245,0,0,0,0,0,0,0,0,0,0,0,0,0,0,0,0,0,0,0,0,0,0,0,0,0,0,0,0,0,0,0,0,0,0,0,0,0,0,0,0,0,0,0,0,0,0,0,0,0,0,0,0,0,0,0,0,0,0,0,0,0,0,0,0,0,0,0,0,0,0,0,0,0,0,0,0,0,0,0,0,0,0,0,0,0,0,0,0,0,0,0,0,0
Q3o,12,0,0,0,0,0,0,0.1406666667,0.1466666667,0,0,0,0,0,0,0,0,0,0,0,0,0,0,0,0,0,0,0,0,0,0,0,0,0,0,0,0,0,0,0,0,0,0,0,0,0,0,0,0,0,0,0,0,0,0,0,0,0,0,0,0,0,0,0,0,0,0,0,0,0,0,0,0,0,0,0,0,0,0,0,0,0,0,0,0,0,0,0,0,0,0,0,0,0,0,0,0,0,0,0,0,0
Q2o,12,0,0,0,0,0,0,0.155,0.12,0,0,0,0,0,0,0,0,0,0,0,0,0,0,0,0,0,0,0,0,0,0,0,0,0,0,0,0,0,0,0,0,0,0,0,0,0,0,0,0,0,0,0,0,0,0,0,0,0,0,0,0,0,0,0,0,0,0,0,0,0,0,0,0,0,0,0,0,0,0,0,0,0,0,0,0,0,0,0,0,0,0,0,0,0,0,0,0,0,0,0,0,0
JTo,12,0,0.335,1,1,0.65,0.35,0.045,0.12,0,0,0,0,0,0,0,0,1,0,0,0,0,0,0,0,1,0,0,0,0,0,1,0,0.02,0.245,0.755,0,1,0.05,0.162,0.054,0.296,0,0,0,0,0,0.83,0,0,0,1,0,1,0,0,0,0,0,0.805,0,0,0,1,0,1,0,0.02,0.07,0.93,0.14,0.86,0,0,0,0,0,0,0,0,0,0,0.7,0,0,0,0,0,0,0,0.075,0,0.68,0,0,0.874,0,0,0,0,0,0
J9o,12,0,0,0.21,1,0.665,0.335,0.12,0.205,0,0,0,0,0,0,0,0,0.19,0,0,0,0,0,0,0,0.485,0,0,0,0,0,0.272,0,0,0.085,0.835,0.21,0.79,0,0,0.038,0.18,0,0,0,0,0,0,0,0,0,0,0,0.62,0,0,0,0,0,0,0,0,0,0,0,0.905,0,0,0,0,0,0.355,0,0,0,0,0,0,0,0,0,0,0,0,0,0,0,0,0,0,0,0,0,0,0,0,0,0,0,0,0,0
J8o,12,0,0,0,0.34,0.415,0.585,0.3,0.325,0,0,0,0,0,0,0,0,0,0,0,0,0,0,0,0,0,0,0,0,0,0,0,0,0,0,0,0.575,0.425,0,0,0,0,0,0,0,0,0,0,0,0,0,0,0,0,0,0,0,0,0,0,0,0,0,0,0,0,0,0,0,0,0,0,0,0,0,0,0,0,0,0,0,0,0,0,0,0,0,0,0,0,0,0,0,0,0,0,0,0,0,0,0,0
J7o,12,0,0,0,0,0,0,0.2593333333,0.2853333333,0,0,0,0,0,0,0,0,0,0,0,0,0,0,0,0,0,0,0,0,0,0,0,0,0,0,0,0.245,0,0,0,0,0,0,0,0,0,0,0,0,0,0,0,0,0,0,0,0,0,0,0,0,0,0,0,0,0,0,0,0,0,0,0,0,0,0,0,0,0,0,0,0,0,0,0,0,0,0,0,0,0,0,0,0,0,0,0,0,0,0,0,0,0
J6o,12,0,0,0,0,0,0,0.22,0.305,0,0,0,0,0,0,0,0,0,0,0,0,0,0,0,0,0,0,0,0,0,0,0,0,0,0,0,0,0,0,0,0,0,0,0,0,0,0,0,0,0,0,0,0,0,0,0,0,0,0,0,0,0,0,0,0,0,0,0,0,0,0,0,0,0,0,0,0,0,0,0,0,0,0,0,0,0,0,0,0,0,0,0,0,0,0,0,0,0,0,0,0,0
J5o,12,0,0,0,0,0,0,0.165,0.24,0,0,0,0,0,0,0,0,0,0,0,0,0,0,0,0,0,0,0,0,0,0,0,0,0,0,0,0,0,0,0,0,0,0,0,0,0,0,0,0,0,0,0,0,0,0,0,0,0,0,0,0,0,0,0,0,0,0,0,0,0,0,0,0,0,0,0,0,0,0,0,0,0,0,0,0,0,0,0,0,0,0,0,0,0,0,0,0,0,0,0,0,0
J4o,12,0,0,0,0,0,0,0.18,0.165,0,0,0,0,0,0,0,0,0,0,0,0,0,0,0,0,0,0,0,0,0,0,0,0,0,0,0,0,0,0,0,0,0,0,0,0,0,0,0,0,0,0,0,0,0,0,0,0,0,0,0,0,0,0,0,0,0,0,0,0,0,0,0,0,0,0,0,0,0,0,0,0,0,0,0,0,0,0,0,0,0,0,0,0,0,0,0,0,0,0,0,0,0
J3o,12,0,0,0,0,0,0,0.18,0.09,0,0,0,0,0,0,0,0,0,0,0,0,0,0,0,0,0,0,0,0,0,0,0,0,0,0,0,0,0,0,0,0,0,0,0,0,0,0,0,0,0,0,0,0,0,0,0,0,0,0,0,0,0,0,0,0,0,0,0,0,0,0,0,0,0,0,0,0,0,0,0,0,0,0,0,0,0,0,0,0,0,0,0,0,0,0,0,0,0,0,0,0,0
J2o,12,0,0,0,0,0,0,0.209,0.114,0,0,0,0,0,0,0,0,0,0,0,0,0,0,0,0,0,0,0,0,0,0,0,0,0,0,0,0,0,0,0,0,0,0,0,0,0,0,0,0,0,0,0,0,0,0,0,0,0,0,0,0,0,0,0,0,0,0,0,0,0,0,0,0,0,0,0,0,0,0,0,0,0,0,0,0,0,0,0,0,0,0,0,0,0,0,0,0,0,0,0,0,0
T9o,12,0,0,0.19,1,0.685,0.315,0.08,0.144,0,0,0,0,0,0,0,0,0.845,0,0,0,0,0,0,0,1,0,0,0,0,0,0.474,0,0,0.135,0.865,0,1,0,0,0.052,0.264,0,0,0,0,0,0.295,0,0,0,0.55,0,1,0,0,0,0,0,0.22,0,0,0,0.53,0,1,0,0,0,0.542,0.07466666667,0.6316666667,0,0,0,0,0,0,0,0,0,0,0,0,0,0,0,0,0,0,0,0,0,0,0,0.302,0,0,0,0,0,0
T8o,12,0,0,0,0.955,0.6,0.4,0.28,0.285,0,0,0,0,0,0,0,0,0.23,0,0,0,0,0,0,0,0.295,0,0,0,0,0,0,0,0,0,0.375,0.27,0.73,0,0,0,0.018,0,0,0,0,0,0,0,0,0,0,0,0.76,0,0,0,0,0,0,0,0,0,0,0,0.945,0,0,0,0,0,0,0,0,0,0,0,0,0,0,0,0,0,0,0,0,0,0,0,0,0,0,0,0,0,0,0,0,0,0,0,0
T7o,12,0,0,0,0,0,0.15,0.32,0.255,0,0,0,0,0,0,0,0,0,0,0,0,0,0,0,0,0,0,0,0,0,0,0,0,0,0,0,0.3,0,0,0,0,0,0,0,0,0,0,0,0,0,0,0,0,0,0,0,0,0,0,0,0,0,0,0,0,0,0,0,0,0,0,0,0,0,0,0,0,0,0,0,0,0,0,0,0,0,0,0,0,0,0,0,0,0,0,0,0,0,0,0,0,0
T6o,12,0,0,0,0,0,0,0.195,0.255,0,0,0,0,0,0,0,0,0,0,0,0,0,0,0,0,0,0,0,0,0,0,0,0,0,0,0,0,0,0,0,0,0,0,0,0,0,0,0,0,0,0,0,0,0,0,0,0,0,0,0,0,0,0,0,0,0,0,0,0,0,0,0,0,0,0,0,0,0,0,0,0,0,0,0,0,0,0,0,0,0,0,0,0,0,0,0,0,0,0,0,0,0
T5o,12,0,0,0,0,0,0,0.045,0.18,0,0,0,0,0,0,0,0,0,0,0,0,0,0,0,0,0,0,0,0,0,0,0,0,0,0,0,0,0,0,0,0,0,0,0,0,0,0,0,0,0,0,0,0,0,0,0,0,0,0,0,0,0,0,0,0,0,0,0,0,0,0,0,0,0,0,0,0,0,0,0,0,0,0,0,0,0,0,0,0,0,0,0,0,0,0,0,0,0,0,0,0,0
T4o,12,0,0,0,0,0,0,0.1,0.02,0,0,0,0,0,0,0,0,0,0,0,0,0,0,0,0,0,0,0,0,0,0,0,0,0,0,0,0,0,0,0,0,0,0,0,0,0,0,0,0,0,0,0,0,0,0,0,0,0,0,0,0,0,0,0,0,0,0,0,0,0,0,0,0,0,0,0,0,0,0,0,0,0,0,0,0,0,0,0,0,0,0,0,0,0,0,0,0,0,0,0,0,0
T3o,12,0,0,0,0,0,0,0.225,0.055,0,0,0,0,0,0,0,0,0,0,0,0,0,0,0,0,0,0,0,0,0,0,0,0,0,0,0,0,0,0,0,0,0,0,0,0,0,0,0,0,0,0,0,0,0,0,0,0,0,0,0,0,0,0,0,0,0,0,0,0,0,0,0,0,0,0,0,0,0,0,0,0,0,0,0,0,0,0,0,0,0,0,0,0,0,0,0,0,0,0,0,0,0
T2o,12,0,0,0,0,0,0,0.195,0.17,0,0,0,0,0,0,0,0,0,0,0,0,0,0,0,0,0,0,0,0,0,0,0,0,0,0,0,0,0,0,0,0,0,0,0,0,0,0,0,0,0,0,0,0,0,0,0,0,0,0,0,0,0,0,0,0,0,0,0,0,0,0,0,0,0,0,0,0,0,0,0,0,0,0,0,0,0,0,0,0,0,0,0,0,0,0,0,0,0,0,0,0,0
98o,12,0,0,0,0.685,0.595,0.405,0.135,0.225,0,0,0,0,0,0,0,0,0.515,0,0,0,0,0,0,0,0.8,0,0,0,0,0,0.28,0,0,0,0.33,0,1,0,0,0,0,0,0,0,0,0,0.175,0,0,0,0.31,0,0.935,0,0,0,0,0,0.115,0,0,0,0.405,0,1,0,0,0,0.176,0,0.305,0,0,0,0,0,0,0,0,0,0,0,0,0,0,0,0,0,0,0,0,0,0,0,0,0,0,0,0,0,0
97o,12,0,0,0,0,0,0.285,0.185,0.145,0,0,0,0,0,0,0,0,0.155,0,0,0,0,0,0,0,0.215,0,0,0,0,0,0,0,0,0,0,0,0.225,0,0,0,0,0,0,0,0,0,0,0,0,0,0,0,0.59,0,0,0,0,0,0,0,0,0,0.08,0,0.885,0,0,0,0,0,0,0,0,0,0,0,0,0,0,0,0,0,0,0,0,0,0,0,0,0,0,0,0,0,0,0,0,0,0,0,0
96o,12,0,0,0,0,0,0,0.205,0.105,0,0,0,0,0,0,0,0,0,0,0,0,0,0,0,0,0,0,0,0,0,0,0,0,0,0,0,0,0,0,0,0,0,0,0,0,0,0,0,0,0,0,0,0,0,0,0,0,0,0,0,0,0,0,0,0,0,0,0,0,0,0,0,0,0,0,0,0,0,0,0,0,0,0,0,0,0,0,0,0,0,0,0,0,0,0,0,0,0,0,0,0,0
95o,12,0,0,0,0,0,0,0.016,0.206,0,0,0,0,0,0,0,0,0,0,0,0,0,0,0,0,0,0,0,0,0,0,0,0,0,0,0,0,0,0,0,0,0,0,0,0,0,0,0,0,0,0,0,0,0,0,0,0,0,0,0,0,0,0,0,0,0,0,0,0,0,0,0,0,0,0,0,0,0,0,0,0,0,0,0,0,0,0,0,0,0,0,0,0,0,0,0,0,0,0,0,0,0
94o,12,0,0,0,0,0,0,0,0,0,0,0,0,0,0,0,0,0,0,0,0,0,0,0,0,0,0,0,0,0,0,0,0,0,0,0,0,0,0,0,0,0,0,0,0,0,0,0,0,0,0,0,0,0,0,0,0,0,0,0,0,0,0,0,0,0,0,0,0,0,0,0,0,0,0,0,0,0,0,0,0,0,0,0,0,0,0,0,0,0,0,0,0,0,0,0,0,0,0,0,0,0
93o,12,0,0,0,0,0,0,0,0,0,0,0,0,0,0,0,0,0,0,0,0,0,0,0,0,0,0,0,0,0,0,0,0,0,0,0,0,0,0,0,0,0,0,0,0,0,0,0,0,0,0,0,0,0,0,0,0,0,0,0,0,0,0,0,0,0,0,0,0,0,0,0,0,0,0,0,0,0,0,0,0,0,0,0,0,0,0,0,0,0,0,0,0,0,0,0,0,0,0,0,0,0
92o,12,0,0,0,0,0,0,0,0,0,0,0,0,0,0,0,0,0,0,0,0,0,0,0,0,0,0,0,0,0,0,0,0,0,0,0,0,0,0,0,0,0,0,0,0,0,0,0,0,0,0,0,0,0,0,0,0,0,0,0,0,0,0,0,0,0,0,0,0,0,0,0,0,0,0,0,0,0,0,0,0,0,0,0,0,0,0,0,0,0,0,0,0,0,0,0,0,0,0,0,0,0
87o,12,0,0,0,0,0.3033333333,0.3733333333,0.07,0.227,0,0,0,0,0,0,0,0,0.605,0,0,0,0,0,0,0,0.75,0,0,0,0,0,0.2,0,0,0,0.27,0,0.78,0,0,0,0.018,0,0,0,0,0,0.23,0,0,0,0.39,0,1,0,0,0,0,0,0.09,0,0,0,0.275,0,1,0,0,0,0.012,0,0.06,0,0,0,0,0,0,0,0,0,0,0,0,0,0,0,0,0,0,0,0,0,0,0,0,0,0,0,0,0,0
86o,12,0,0,0,0,0,0,0.225,0.095,0,0,0,0,0,0,0,0,0.115,0,0,0,0,0,0,0,0.195,0,0,0,0,0,0,0,0,0,0,0,0,0,0,0,0,0,0,0,0,0,0,0,0,0,0.05,0,0.72,0,0,0,0,0,0,0,0,0,0.06,0,0.91,0,0,0,0,0,0,0,0,0,0,0,0,0,0,0,0,0,0,0,0,0,0,0,0,0,0,0,0,0,0,0,0,0,0,0,0
85o,12,0,0,0,0,0,0,0.06,0.18,0,0,0,0,0,0,0,0,0,0,0,0,0,0,0,0,0,0,0,0,0,0,0,0,0,0,0,0,0,0,0,0,0,0,0,0,0,0,0,0,0,0,0,0,0,0,0,0,0,0,0,0,0,0,0,0,0,0,0,0,0,0,0,0,0,0,0,0,0,0,0,0,0,0,0,0,0,0,0,0,0,0,0,0,0,0,0,0,0,0,0,0,0
84o,12,0,0,0,0,0,0,0.005,0,0,0,0,0,0,0,0,0,0,0,0,0,0,0,0,0,0,0,0,0,0,0,0,0,0,0,0,0,0,0,0,0,0,0,0,0,0,0,0,0,0,0,0,0,0,0,0,0,0,0,0,0,0,0,0,0,0,0,0,0,0,0,0,0,0,0,0,0,0,0,0,0,0,0,0,0,0,0,0,0,0,0,0,0,0,0,0,0,0,0,0,0,0
83o,12,0,0,0,0,0,0,0,0,0,0,0,0,0,0,0,0,0,0,0,0,0,0,0,0,0,0,0,0,0,0,0,0,0,0,0,0,0,0,0,0,0,0,0,0,0,0,0,0,0,0,0,0,0,0,0,0,0,0,0,0,0,0,0,0,0,0,0,0,0,0,0,0,0,0,0,0,0,0,0,0,0,0,0,0,0,0,0,0,0,0,0,0,0,0,0,0,0,0,0,0,0
82o,12,0,0,0,0,0,0,0,0,0,0,0,0,0,0,0,0,0,0,0,0,0,0,0,0,0,0,0,0,0,0,0,0,0,0,0,0,0,0,0,0,0,0,0,0,0,0,0,0,0,0,0,0,0,0,0,0,0,0,0,0,0,0,0,0,0,0,0,0,0,0,0,0,0,0,0,0,0,0,0,0,0,0,0,0,0,0,0,0,0,0,0,0,0,0,0,0,0,0,0,0,0
76o,12,0,0,0,0,0,0.24,0.085,0.135,0,0,0,0,0,0,0,0,0.5,0,0,0,0,0,0,0,0.645,0,0,0,0,0,0.136,0,0,0,0.275,0,0.77,0,0,0,0,0,0,0,0,0,0.27,0,0,0,0.385,0,1,0,0,0,0,0,0.265,0,0,0,0.455,0,1,0,0,0,0.04,0,0.055,0,0,0,0,0,0,0,0,0,0,0.115,0,0,0,0,0,0,0,0,0,0.22,0,0,0.07,0,0,0,0,0,0
75o,12,0,0,0,0,0,0,0.175,0.19,0,0,0,0,0,0,0,0,0,0,0,0,0,0,0,0,0,0,0,0,0,0,0,0,0,0,0,0,0,0,0,0,0,0,0,0,0,0,0,0,0,0,0,0,0.59,0,0,0,0,0,0,0,0,0,0,0,0.855,0,0,0,0,0,0,0,0,0,0,0,0,0,0,0,0,0,0,0,0,0,0,0,0,0,0,0,0,0,0,0,0,0,0,0,0
74o,12,0,0,0,0,0,0,0.1,0.005,0,0,0,0,0,0,0,0,0,0,0,0,0,0,0,0,0,0,0,0,0,0,0,0,0,0,0,0,0,0,0,0,0,0,0,0,0,0,0,0,0,0,0,0,0,0,0,0,0,0,0,0,0,0,0,0,0,0,0,0,0,0,0,0,0,0,0,0,0,0,0,0,0,0,0,0,0,0,0,0,0,0,0,0,0,0,0,0,0,0,0,0,0
73o,12,0,0,0,0,0,0,0,0,0,0,0,0,0,0,0,0,0,0,0,0,0,0,0,0,0,0,0,0,0,0,0,0,0,0,0,0,0,0,0,0,0,0,0,0,0,0,0,0,0,0,0,0,0,0,0,0,0,0,0,0,0,0,0,0,0,0,0,0,0,0,0,0,0,0,0,0,0,0,0,0,0,0,0,0,0,0,0,0,0,0,0,0,0,0,0,0,0,0,0,0,0
72o,12,0,0,0,0,0,0,0,0,0,0,0,0,0,0,0,0,0,0,0,0,0,0,0,0,0,0,0,0,0,0,0,0,0,0,0,0,0,0,0,0,0,0,0,0,0,0,0,0,0,0,0,0,0,0,0,0,0,0,0,0,0,0,0,0,0,0,0,0,0,0,0,0,0,0,0,0,0,0,0,0,0,0,0,0,0,0,0,0,0,0,0,0,0,0,0,0,0,0,0,0,0
65o,12,0,0,0,0,0,0.015,0.085,0.19,0,0,0,0,0,0,0,0,0.495,0,0,0,0,0,0,0,0.575,0,0,0,0,0,0.016,0,0,0,0,0,0.46,0,0,0,0,0,0,0,0,0,0.625,0,0,0,0.705,0,1,0,0,0,0,0,0.585,0,0,0,0.74,0,1,0,0,0,0.188,0,0.095,0,0,0,0,0,0.24,0,0,0.45,0,0.575,0,0,0,0,0,0.17,0,0.275,0,0.625,0,0,0.272,0,0,0,0,0,0
64o,12,0,0,0,0,0,0,0.14,0.16,0,0,0,0,0,0,0,0,0,0,0,0,0,0,0,0,0,0,0,0,0,0,0,0,0,0,0,0,0,0,0,0,0,0,0,0,0,0,0.175,0,0,0,0.085,0,0.75,0,0,0,0,0,0.065,0,0,0,0.07,0,0.96,0,0,0,0,0,0,0,0,0,0,0,0.185,0,0,0.18,0,0.33,0,0,0,0,0,0.01,0,0.165,0,0.335,0,0,0,0,0,0,0,0,0
63o,12,0,0,0,0,0,0,0,0,0,0,0,0,0,0,0,0,0,0,0,0,0,0,0,0,0,0,0,0,0,0,0,0,0,0,0,0,0,0,0,0,0,0,0,0,0,0,0,0,0,0,0,0,0,0,0,0,0,0,0,0,0,0,0,0,0,0,0,0,0,0,0,0,0,0,0,0,0,0,0,0,0,0,0,0,0,0,0,0,0,0,0,0,0,0,0,0,0,0,0,0,0
62o,12,0,0,0,0,0,0,0,0,0,0,0,0,0,0,0,0,0,0,0,0,0,0,0,0,0,0,0,0,0,0,0,0,0,0,0,0,0,0,0,0,0,0,0,0,0,0,0,0,0,0,0,0,0,0,0,0,0,0,0,0,0,0,0,0,0,0,0,0,0,0,0,0,0,0,0,0,0,0,0,0,0,0,0,0,0,0,0,0,0,0,0,0,0,0,0,0,0,0,0,0,0
54o,12,0,0,0,0,0,0,0.05,0.165,0,0,0,0,0,0,0,0,0.29,0,0,0,0,0,0,0,0.305,0,0,0,0,0,0,0,0,0,0,0,0.435,0,0,0,0,0,0,0,0,0,0.675,0,0,0,0.63,0,1,0,0,0,0,0,0.7,0,0,0,0.75,0,1,0,0,0,0.188,0,0.12,0,0,0,0,0,0.15,0,0,0.425,0,0.5,0,0,0,0,0,0.15,0,0.295,0,0.74,0,0,0.368,0,0,0,0,0,0
53o,12,0,0,0,0,0,0,0.155,0.205,0,0,0,0,0,0,0,0,0,0,0,0,0,0,0,0,0,0,0,0,0,0,0,0,0,0,0,0,0,0,0,0,0,0,0,0,0,0,0.21,0,0,0,0.225,0,0.905,0,0,0,0,0,0.135,0,0,0,0.195,0,1,0,0,0,0,0,0,0,0,0,0,0,0.155,0,0,0.29,0,0.425,0,0,0,0,0,0.17,0,0.26,0,0.53,0,0,0.042,0,0,0,0,0,0
52o,12,0,0,0,0,0,0,0.11,0.035,0,0,0,0,0,0,0,0,0,0,0,0,0,0,0,0,0,0,0,0,0,0,0,0,0,0,0,0,0,0,0,0,0,0,0,0,0,0,0,0,0,0,0,0,0,0,0,0,0,0,0,0,0,0,0,0,0,0,0,0,0,0,0,0,0,0,0,0,0,0,0,0,0,0,0,0,0,0,0,0,0,0,0,0,0,0,0,0,0,0,0,0,0
43o,12,0,0,0,0,0,0,0.115,0.195,0,0,0,0,0,0,0,0,0,0,0,0,0,0,0,0,0,0,0,0,0,0,0,0,0,0,0,0,0,0,0,0,0,0,0,0,0,0,0,0,0,0,0,0,0.09,0,0,0,0,0,0,0,0,0,0,0,0.23,0,0,0,0,0,0,0,0,0,0,0,0,0,0,0.08,0,0,0,0,0,0,0,0,0,0,0,0,0,0,0,0,0,0,0,0,0
42o,12,0,0,0,0,0,0,0.095,0.08,0,0,0,0,0,0,0,0,0,0,0,0,0,0,0,0,0,0,0,0,0,0,0,0,0,0,0,0,0,0,0,0,0,0,0,0,0,0,0,0,0,0,0,0,0,0,0,0,0,0,0,0,0,0,0,0,0,0,0,0,0,0,0,0,0,0,0,0,0,0,0,0,0,0,0,0,0,0,0,0,0,0,0,0,0,0,0,0,0,0,0,0,0
32o,12,0,0,0,0,0,0,0.06,0,0,0,0,0,0,0,0,0,0,0,0,0,0,0,0,0,0,0,0,0,0,0,0,0,0,0,0,0,0,0,0,0,0,0,0,0,0,0,0,0,0,0,0,0,0,0,0,0,0,0,0,0,0,0,0,0,0,0,0,0,0,0,0,0,0,0,0,0,0,0,0,0,0,0,0,0,0,0,0,0,0,0,0,0,0,0,0,0,0,0,0,0,0